datetime,actual,xgb_pred,true_residual,lstm_pred_residual,hybrid_pred
2007-06-03 20:15:00,0.6834666666666667,0.7898007,-0.10633403685887655,-0.0589692,0.7308315
2007-06-03 20:30:00,1.4044,1.0349753,0.3694247097015382,-0.022127472,1.0128478
2007-06-03 20:45:00,3.5114666666666663,3.1349535,0.37651316782633426,0.054226954,3.1891804
2007-06-03 21:00:00,3.02,3.081686,-0.06168601989746092,0.086279236,3.1679652
2007-06-03 21:15:00,3.2626666666666666,3.1108618,0.15180488840738926,0.050074678,3.1609364
2007-06-03 21:30:00,3.839066666666666,3.7352927,0.10377399355570427,0.047106933,3.7823997
2007-06-03 21:45:00,4.303466666666666,3.9854023,0.3180643210093175,0.035227966,4.0206304
2007-06-03 22:00:00,4.471333333333334,4.358046,0.11328727849324594,0.06913898,4.427185
2007-06-03 22:15:00,3.4678666666666667,3.6340663,-0.16619967664082846,0.055518363,3.6895847
2007-06-03 22:30:00,3.0774666666666666,2.9250243,0.15244239565531403,-0.020151677,2.9048727
2007-06-03 22:45:00,2.5164,2.1601043,0.3562957252502441,0.01719973,2.177304
2007-06-03 23:00:00,2.4389333333333334,2.4954917,-0.05655840975443516,0.0692017,2.5646935
2007-06-03 23:15:00,1.9165333333333332,2.31773,-0.4011966166178387,0.014666343,2.3323963
2007-06-03 23:30:00,1.7509333333333332,2.229442,-0.47850854784647634,-0.068005726,2.161436
2007-06-03 23:45:00,1.1822666666666666,1.8163797,-0.6341129996617636,-0.08368287,1.7326968
2007-06-04 00:00:00,0.3336,0.85530156,-0.521701558971405,-0.09183927,0.7634623
2007-06-04 00:15:00,0.3176,0.35602728,-0.038427275323867804,-0.08997797,0.2660493
2007-06-04 00:30:00,0.4368,0.47397804,-0.03717804260253904,-0.06804391,0.40593413
2007-06-04 00:45:00,0.3259999999999999,0.43538573,-0.10938573384284983,-0.058625758,0.37675998
2007-06-04 01:00:00,0.38,0.43872967,-0.05872967362403869,-0.054983143,0.38374653
2007-06-04 01:15:00,0.3826666666666666,0.40902042,-0.026353757222493557,-0.041833248,0.36718717
2007-06-04 01:30:00,0.3966666666666666,0.45371667,-0.0570499988396963,-0.030550828,0.42316583
2007-06-04 01:45:00,0.2333333333333333,0.3272748,-0.09394146601359052,-0.03105417,0.29622063
2007-06-04 02:00:00,0.2307999999999999,0.53483653,-0.3040365306854249,-0.036808908,0.49802762
2007-06-04 02:15:00,0.3402666666666666,0.65979636,-0.3195296904881796,-0.06451698,0.5952794
2007-06-04 02:30:00,0.26,0.3045154,-0.04451539158821105,-0.067309745,0.23720565
2007-06-04 02:45:00,0.2266666666666666,0.27493238,-0.0482657178243002,-0.039301205,0.23563118
2007-06-04 03:00:00,0.7514666666666667,0.7573448,-0.005878115685780783,-0.030145098,0.7271997
2007-06-04 03:15:00,1.3106666666666666,1.4947184,-0.184051765759786,-0.016061997,1.4786564
2007-06-04 03:30:00,0.8201333333333333,0.9981052,-0.17797189461390184,-0.03800834,0.9600969
2007-06-04 03:45:00,0.2577333333333333,0.6101503,-0.3524169442812602,-0.040874362,0.5692759
2007-06-04 04:00:00,0.3076,0.31777257,-0.010172567272186295,-0.061867554,0.255905
2007-06-04 04:15:00,0.3899999999999999,0.37958226,0.01041774392127981,-0.023834415,0.35574785
2007-06-04 04:30:00,0.3385333333333333,0.3971131,-0.05857978126207991,-0.011084957,0.38602817
2007-06-04 04:45:00,0.2762666666666666,0.34416023,-0.06789356230100002,-0.014317606,0.32984263
2007-06-04 05:00:00,0.3508,0.4445906,-0.09379059834480286,-0.015201502,0.4293891
2007-06-04 05:15:00,0.4112,0.50975823,-0.09855823402404784,-0.019590817,0.4901674
2007-06-04 05:30:00,0.2497333333333333,0.35199508,-0.10226174737612409,-0.022002159,0.32999292
2007-06-04 05:45:00,0.2089333333333333,0.26934162,-0.06040828448931379,-0.026373025,0.24296859
2007-06-04 06:00:00,0.3632,0.6214489,-0.25824887447357175,-0.022440527,0.5990083
2007-06-04 06:15:00,0.2570666666666666,0.48889348,-0.23182681244214381,-0.040943455,0.44795004
2007-06-04 06:30:00,0.2073333333333333,0.38194108,-0.1746077467600505,-0.039280303,0.34266078
2007-06-04 06:45:00,1.3344,0.4240699,0.9103300887584687,-0.030868338,0.39320156
2007-06-04 07:00:00,0.4842666666666667,1.0561693,-0.5719026048024496,0.09676274,1.152932
2007-06-04 07:15:00,1.1674666666666669,1.4580303,-0.2905636763890582,-0.022876315,1.4351541
2007-06-04 07:30:00,2.0264,1.7190292,0.30737081184387227,-0.034971725,1.6840575
2007-06-04 07:45:00,2.2874666666666665,2.0393753,0.2480913614908853,0.04568496,2.0850604
2007-06-04 08:00:00,1.3782666666666663,1.622534,-0.24426736996968623,0.07544094,1.6979749
2007-06-04 08:15:00,1.3114666666666668,1.4799032,-0.1684365544637043,0.0022555855,1.4821588
2007-06-04 08:30:00,1.2676,1.3852155,-0.11761552085876459,-0.041035406,1.3441801
2007-06-04 08:45:00,1.3262666666666667,1.4709541,-0.1446873938878377,-0.025801132,1.4451529
2007-06-04 09:00:00,1.3104,1.5636078,-0.2532078119277954,-0.026624262,1.5369835
2007-06-04 09:15:00,1.2474666666666667,1.3684767,-0.12101008179982498,-0.047281124,1.3211956
2007-06-04 09:30:00,1.2088,1.2456298,-0.03682978744506826,-0.03355904,1.2120707
2007-06-04 09:45:00,1.3052,1.4379553,-0.13275526027679452,-0.021113481,1.4168417
2007-06-04 10:00:00,1.2285333333333337,1.3848631,-0.15632980486551884,-0.018077295,1.3667859
2007-06-04 10:15:00,1.1734666666666669,1.3477539,-0.1742872157414752,-0.02888786,1.318866
2007-06-04 10:30:00,1.1310666666666669,1.4000533,-0.2689865960439044,-0.03613801,1.3639152
2007-06-04 10:45:00,0.3233333333333333,0.85768884,-0.5343555108706157,-0.046509262,0.8111796
2007-06-04 11:00:00,0.182,0.30526263,-0.12326262521743775,-0.056974642,0.24828798
2007-06-04 11:15:00,0.1924,0.28556678,-0.09316677699089052,-0.037675735,0.24789104
2007-06-04 11:30:00,0.364,0.5433621,-0.1793620810508728,-0.025221912,0.5181402
2007-06-04 11:45:00,0.3258666666666666,0.3395559,-0.013689222701390669,-0.017948553,0.32160735
2007-06-04 12:00:00,0.2622666666666667,0.318522,-0.05625533960660295,-0.009747016,0.30877498
2007-06-04 12:15:00,0.3404,0.37424684,-0.033846835708618184,-0.015454918,0.35879192
2007-06-04 12:30:00,0.3546666666666666,0.37016702,-0.015500350316365652,-0.0064657046,0.3637013
2007-06-04 12:45:00,0.2825333333333333,0.407752,-0.12521867391268415,0.0015967144,0.40934873
2007-06-04 13:00:00,0.3036,0.46776897,-0.16416896715164186,-0.024174374,0.4435946
2007-06-04 13:15:00,0.2372,0.3399743,-0.1027743139743805,-0.004416469,0.33555785
2007-06-04 13:30:00,0.2788,0.40852392,-0.12972391719818116,-0.001996019,0.4065279
2007-06-04 13:45:00,0.2516,0.3136368,-0.06203680958747865,-0.011756186,0.30188063
2007-06-04 14:00:00,0.1914666666666666,0.26560107,-0.07413440206845609,0.00470499,0.27030605
2007-06-04 14:15:00,0.2709333333333333,0.2772411,-0.0063077774683634735,-0.012373563,0.26486754
2007-06-04 14:30:00,0.3041333333333333,0.30905163,-0.00491829954783124,-0.01447181,0.29457983
2007-06-04 14:45:00,0.2086666666666666,0.21048087,-0.001814202149709121,-0.01169642,0.19878446
2007-06-04 15:00:00,0.2058666666666666,0.16619322,0.03967344962755831,-0.013782327,0.1524109
2007-06-04 15:15:00,0.3382666666666666,0.30407384,0.03419282628695164,0.0049233763,0.3089972
2007-06-04 15:30:00,0.3398666666666666,0.37415865,-0.03429198397000638,0.0015786253,0.37573728
2007-06-04 15:45:00,0.2614666666666667,0.28693113,-0.025464460643132514,-0.009276679,0.27765444
2007-06-04 16:00:00,0.3290666666666667,0.40210736,-0.07304069131215413,-0.009531971,0.39257538
2007-06-04 16:15:00,0.4189333333333333,0.65144974,-0.2325164065996806,-0.021105492,0.6303443
2007-06-04 16:30:00,0.2550666666666666,0.3340332,-0.07896652453740444,-0.043368172,0.29066503
2007-06-04 16:45:00,0.2548,0.29294217,-0.03814216632843015,-0.015877552,0.27706462
2007-06-04 17:00:00,0.3464,0.39526188,-0.04886188373565675,-0.022939587,0.3723223
2007-06-04 17:15:00,0.2648,0.34112853,-0.07632852811813357,-0.024389992,0.31673855
2007-06-04 17:30:00,0.1868,0.23375566,-0.046955663037300116,-0.030901777,0.20285389
2007-06-04 17:45:00,0.2408,0.28543615,-0.04463615341186525,-0.032218546,0.2532176
2007-06-04 18:00:00,0.3246666666666666,0.4912989,-0.16663224728902187,-0.027716069,0.46358284
2007-06-04 18:15:00,0.3388,0.32231143,0.016488568830490102,-0.039608248,0.2827032
2007-06-04 18:30:00,2.9316000000000004,2.7604198,0.17118015441894574,-0.025550136,2.7348697
2007-06-04 18:45:00,2.994,3.504834,-0.510833936691284,0.007049982,3.511884
2007-06-04 19:00:00,2.8484,3.369082,-0.5206819740295412,-0.061387517,3.3076944
2007-06-04 19:15:00,1.9217333333333333,2.598484,-0.6767507059733073,-0.07374999,2.524734
2007-06-04 19:30:00,0.6257333333333333,1.7757946,-1.1500612919489543,-0.07936531,1.6964293
2007-06-04 19:45:00,0.6569333333333334,1.4504184,-0.7934850197474161,-0.09013694,1.3602815
2007-06-04 20:00:00,0.5941333333333334,1.1835318,-0.5893984278361002,-0.078470446,1.1050613
2007-06-04 20:15:00,0.5017333333333334,0.7273608,-0.22562745167414344,-0.07490336,0.6524574
2007-06-04 20:30:00,0.5396,0.7780654,-0.23846538343429569,-0.060876343,0.717189
2007-06-04 20:45:00,0.6453333333333333,1.1784239,-0.5330905481974284,-0.0652792,1.1131446
2007-06-04 21:00:00,0.5061333333333333,0.97627246,-0.4701391304651896,-0.08185394,0.89441854
2007-06-04 21:15:00,0.4334666666666666,0.6985009,-0.2650342049916586,-0.07356548,0.6249354
2007-06-04 21:30:00,0.5122666666666666,0.7003094,-0.18804272912343345,-0.06690879,0.6334006
2007-06-04 21:45:00,0.574,1.0035539,-0.42955386734008794,-0.06301424,0.9405396
2007-06-04 22:00:00,0.4244,0.9996461,-0.5752461272239685,-0.08091647,0.91872966
2007-06-04 22:15:00,0.4370666666666666,0.7113568,-0.27429015200932827,-0.083467,0.6278898
2007-06-04 22:30:00,0.5853333333333333,0.8737173,-0.28838397471110033,-0.06373097,0.80998635
2007-06-04 22:45:00,0.4938666666666667,0.798773,-0.3049063240369161,-0.06921979,0.7295532
2007-06-04 23:00:00,0.4506666666666666,0.7000585,-0.24939185317357387,-0.0764364,0.6236221
2007-06-04 23:15:00,0.5894666666666667,0.796113,-0.2066463475545247,-0.066451356,0.72966164
2007-06-04 23:30:00,0.6225333333333333,1.1365794,-0.5140460610071819,-0.054422155,1.0821573
2007-06-04 23:45:00,0.5530666666666666,0.824098,-0.27103132432301846,-0.06616995,0.757928
2007-06-05 00:00:00,1.3928,0.52271366,0.8700863388061524,-0.04318296,0.4795307
2007-06-05 00:15:00,2.0481333333333334,1.4358637,0.6122696000417074,0.08051113,1.5163748
2007-06-05 00:30:00,1.4748,1.6750841,-0.20028411407470692,0.14252178,1.8176059
2007-06-05 00:45:00,1.3857333333333333,1.2905028,0.09523054669698072,0.05355763,1.3440604
2007-06-05 01:00:00,1.1249333333333331,1.2175711,-0.0926378060022992,0.053827032,1.2713982
2007-06-05 01:15:00,0.2865333333333333,0.7549531,-0.4684197530428569,0.009883135,0.7648362
2007-06-05 01:30:00,0.2390666666666666,0.23241073,0.006655937735239592,-0.058641993,0.17376873
2007-06-05 01:45:00,0.2261333333333333,0.19169675,0.03443658519585924,-0.033409677,0.15828708
2007-06-05 02:00:00,0.2793333333333333,0.22261319,0.05672014768918354,-0.024503963,0.19810922
2007-06-05 02:15:00,0.2704,0.23158418,0.03881582357883451,-0.0077398797,0.22384429
2007-06-05 02:30:00,0.2368,0.18067393,0.05612607293128968,0.0046224995,0.18529643
2007-06-05 02:45:00,0.2305333333333333,0.17669025,0.05384308269818622,-0.0030620433,0.17362821
2007-06-05 03:00:00,0.3041333333333333,0.29829875,0.005834586985905943,-0.0031002504,0.2951985
2007-06-05 03:15:00,0.3149333333333333,0.3257281,-0.010794755283991542,-0.010217395,0.3155107
2007-06-05 03:30:00,0.2648,0.274766,-0.009965998125076314,-0.011994041,0.26277196
2007-06-05 03:45:00,0.3597333333333333,0.3197529,0.03998043154080705,-0.011212766,0.30854014
2007-06-05 04:00:00,0.3689333333333333,0.3388525,0.030080838378270414,0.00019950204,0.339052
2007-06-05 04:15:00,0.2605333333333333,0.24845462,0.01207871785958603,0.00075813936,0.24921276
2007-06-05 04:30:00,0.2986666666666667,0.27042854,0.02823812834421796,-0.0012914775,0.26913705
2007-06-05 04:45:00,0.3733333333333333,0.36696303,0.006370304425557416,0.0029575625,0.36992058
2007-06-05 05:00:00,0.2042666666666666,0.18150845,0.022758214966456025,0.0017013414,0.18320979
2007-06-05 05:15:00,0.1881333333333333,0.16465415,0.02347918272813157,0.0048968573,0.16955101
2007-06-05 05:30:00,0.3243999999999999,0.30441418,0.019985817098617464,0.0071541583,0.31156835
2007-06-05 05:45:00,0.2690666666666666,0.255457,0.013609652821222895,0.008630922,0.26408795
2007-06-05 06:00:00,0.1897333333333333,0.15623155,0.03350178097089129,0.008203896,0.16443545
2007-06-05 06:15:00,1.1230666666666669,0.23011422,0.8929524450937909,0.01078825,0.24090247
2007-06-05 06:30:00,1.8550666666666664,2.0413158,-0.18624912732442245,0.1415219,2.1828377
2007-06-05 06:45:00,1.3804,1.9515251,-0.5711250921249389,0.07000351,2.0215287
2007-06-05 07:00:00,1.3642666666666663,1.4299507,-0.06568404744466183,-0.044189103,1.3857616
2007-06-05 07:15:00,1.5272,1.6772681,-0.150068147468567,-0.023482637,1.6537855
2007-06-05 07:30:00,1.4337333333333333,1.8385175,-0.40478421332041425,-0.027803056,1.8107145
2007-06-05 07:45:00,1.3448,1.7641634,-0.4193633749008179,-0.061414447,1.7027489
2007-06-05 08:00:00,1.4006666666666665,1.6024559,-0.20178918774922705,-0.06199755,1.5404583
2007-06-05 08:15:00,1.2725333333333333,1.3918757,-0.1193424105326335,-0.05139801,1.3404777
2007-06-05 08:30:00,1.2425333333333333,1.3011951,-0.058661811319987045,-0.042826906,1.2583683
2007-06-05 08:45:00,1.3370666666666666,1.4186591,-0.08159242432912195,-0.031789944,1.3868692
2007-06-05 09:00:00,1.3048,1.3758379,-0.07103792209625248,-0.026518807,1.3493191
2007-06-05 09:15:00,0.8493333333333334,0.93409896,-0.08476562563578283,-0.021145374,0.9129536
2007-06-05 09:30:00,0.2652,0.5775179,-0.31231792669296266,-0.019815909,0.557702
2007-06-05 09:45:00,0.3202666666666667,0.4019848,-0.0817181441624959,-0.042690028,0.35929477
2007-06-05 10:00:00,0.5545333333333333,0.6323958,-0.07786247059504192,-0.024898618,0.6074972
2007-06-05 10:15:00,1.9849333333333332,2.318528,-0.3335946036020916,-0.021309702,2.2972183
2007-06-05 10:30:00,1.483466666666667,1.8961835,-0.4127168240865069,-0.041514188,1.8546693
2007-06-05 10:45:00,1.8314666666666668,2.1708105,-0.3393437943776447,-0.0467651,2.1240454
2007-06-05 11:00:00,2.4006666666666665,2.0425916,0.3580750948588052,-0.0459145,1.996677
2007-06-05 11:15:00,1.6346666666666667,2.1306295,-0.4959628728230794,0.018237013,2.1488667
2007-06-05 11:30:00,1.828933333333333,2.4105158,-0.5815824518839521,-0.04944196,2.3610737
2007-06-05 11:45:00,0.5270666666666667,1.2497182,-0.7226515225728353,-0.055157177,1.194561
2007-06-05 12:00:00,0.3358666666666667,0.5447308,-0.2088641158421834,-0.06414833,0.48058245
2007-06-05 12:15:00,0.4357333333333333,0.3965421,0.03919123123486834,-0.055553712,0.3409884
2007-06-05 12:30:00,0.4909333333333333,0.6553697,-0.16443636566797898,-0.03299233,0.6223774
2007-06-05 12:45:00,0.4048,0.5289877,-0.12418770570755006,-0.036844056,0.49214366
2007-06-05 13:00:00,0.2545333333333333,0.35674024,-0.10220690294901535,-0.024762286,0.33197796
2007-06-05 13:15:00,0.3544,0.42524466,-0.07084465918540955,-0.026589625,0.39865503
2007-06-05 13:30:00,0.3044,0.4270297,-0.12262969908714294,-0.026911091,0.40011862
2007-06-05 13:45:00,0.4173333333333333,0.2269224,0.19041094048817947,-0.03126672,0.19565567
2007-06-05 14:00:00,0.3382666666666666,0.33699378,0.0012728829542795195,0.0015494814,0.33854327
2007-06-05 14:15:00,0.3846666666666666,0.43667313,-0.05200646789868679,-0.008681883,0.42799124
2007-06-05 14:30:00,1.1152000000000002,1.1938512,-0.07865123252868633,-0.017612778,1.1762384
2007-06-05 14:45:00,1.2482666666666666,1.4357568,-0.1874901358922323,-0.023824368,1.4119325
2007-06-05 15:00:00,0.8516,0.7571493,0.0944507208824158,-0.037261132,0.71988815
2007-06-05 15:15:00,0.5153333333333333,0.7067997,-0.1914663526217143,-0.010740648,0.69605905
2007-06-05 15:30:00,1.8282666666666667,2.071083,-0.24281640218098954,-0.041270524,2.0298126
2007-06-05 15:45:00,0.3925333333333333,0.91377115,-0.5212378191630046,-0.046161372,0.8676098
2007-06-05 16:00:00,0.6033333333333334,0.44095868,0.1623746546109518,-0.058304127,0.38265455
2007-06-05 16:15:00,0.4178666666666666,0.5313844,-0.1135177418073019,-0.013643245,0.51774114
2007-06-05 16:30:00,0.3745333333333333,0.3180522,0.05648113087018325,-0.0348316,0.2832206
2007-06-05 16:45:00,1.3357333333333334,1.2621213,0.07361201356252045,-0.012623688,1.2494977
2007-06-05 17:00:00,1.872933333333333,2.200096,-0.32716255861918175,-0.0017228477,2.198373
2007-06-05 17:15:00,0.6350666666666667,0.9867503,-0.3516836380322774,-0.052101113,0.93464917
2007-06-05 17:30:00,0.4833333333333333,0.5311982,-0.047864870230356904,-0.05620564,0.47499257
2007-06-05 17:45:00,0.5381333333333332,0.49195474,0.04617858947118114,-0.037427977,0.45452678
2007-06-05 18:00:00,0.3657333333333333,0.5323517,-0.16661833931605025,-0.0218611,0.5104906
2007-06-05 18:15:00,0.2182666666666666,0.2631357,-0.044869034751256365,-0.04741333,0.21572237
2007-06-05 18:30:00,0.3872,0.4664445,-0.0792444923400879,-0.036555827,0.42988867
2007-06-05 18:45:00,0.7254666666666666,0.83024055,-0.10477388099034635,-0.03817071,0.79206985
2007-06-05 19:00:00,2.5784,3.0620384,-0.48363842163085957,-0.034171347,3.027867
2007-06-05 19:15:00,1.8716,2.305369,-0.43376890029907234,-0.06346517,2.2419038
2007-06-05 19:30:00,1.6485333333333334,1.9976006,-0.34906722208658847,-0.06217436,1.9354262
2007-06-05 19:45:00,1.9661333333333333,2.2160883,-0.24995496164957687,-0.060851775,2.1552365
2007-06-05 20:00:00,1.9896,2.1739604,-0.18436044731140133,-0.05771411,2.1162462
2007-06-05 20:15:00,2.004,2.0811458,-0.0771457633972168,-0.04793174,2.033214
2007-06-05 20:30:00,2.2465333333333333,2.0314689,0.21506446507771804,-0.03898935,1.9924796
2007-06-05 20:45:00,1.1352,1.8118465,-0.6766464946746826,0.008860329,1.8207068
2007-06-05 21:00:00,1.1372,1.4697673,-0.3325673320770264,-0.07146655,1.3983008
2007-06-05 21:15:00,0.5334666666666668,1.0613313,-0.5278646054585774,-0.056621715,1.0047096
2007-06-05 21:30:00,0.5678666666666667,0.83320236,-0.26533569539388013,-0.07142123,0.76178116
2007-06-05 21:45:00,0.3465333333333333,0.7794336,-0.43290027472178144,-0.060890865,0.71854275
2007-06-05 22:00:00,0.8453333333333333,0.4208642,0.42446913870175673,-0.0687192,0.352145
2007-06-05 22:15:00,1.802533333333333,0.941381,0.8611523557027179,0.019128226,0.9605092
2007-06-05 22:30:00,3.1548000000000003,1.3790318,1.7757682226181033,0.14349101,1.5225228
2007-06-05 22:45:00,3.384533333333333,2.1117065,1.272826838048299,0.28643584,2.3981423
2007-06-05 23:00:00,3.5732,2.833432,0.7397680408477783,0.35124955,3.1846814
2007-06-05 23:15:00,2.5730666666666666,2.672492,-0.09942536061604823,0.31621128,2.9887033
2007-06-05 23:30:00,1.6492,1.9509265,-0.3017265422821045,0.17789914,2.1288257
2007-06-05 23:45:00,1.439466666666667,1.644193,-0.20472638657887754,0.014485715,1.6586788
2007-06-06 00:00:00,1.432,1.5305227,-0.09852270412445074,-0.022041759,1.5084809
2007-06-06 00:15:00,2.4154666666666667,2.8176613,-0.402194618733724,-0.029860405,2.7878008
2007-06-06 00:30:00,1.9372,2.2659812,-0.3287811973571777,-0.07594048,2.1900408
2007-06-06 00:45:00,1.23,1.751441,-0.5214410018920899,-0.07436983,1.6770712
2007-06-06 01:00:00,1.2854666666666668,1.333479,-0.04801238015492748,-0.08178174,1.2516973
2007-06-06 01:15:00,1.2570666666666668,1.2859861,-0.02891939919789621,-0.06378159,1.2222044
2007-06-06 01:30:00,1.2622666666666666,1.3156502,-0.0533835580190023,-0.058138285,1.257512
2007-06-06 01:45:00,0.7470666666666667,1.0089442,-0.2618774871190389,-0.056986354,0.9519578
2007-06-06 02:00:00,0.3582666666666666,0.58964396,-0.23137728856404627,-0.06813385,0.5215101
2007-06-06 02:15:00,0.3216,0.33137137,-0.009771366977691653,-0.0690458,0.26232558
2007-06-06 02:30:00,0.2664,0.3018273,-0.03542731151580808,-0.052739207,0.24908811
2007-06-06 02:45:00,0.3493333333333333,0.3784514,-0.02911807362238572,-0.048529904,0.3299215
2007-06-06 03:00:00,0.3589333333333334,0.3974256,-0.03849225861231481,-0.042544257,0.35488135
2007-06-06 03:15:00,0.2494666666666666,0.33089957,-0.08143289974530546,-0.039293244,0.2916063
2007-06-06 03:30:00,0.2314666666666666,0.3139131,-0.08244644025166836,-0.04218552,0.2717276
2007-06-06 03:45:00,0.3302666666666666,0.37281603,-0.042549359544118315,-0.041348014,0.33146802
2007-06-06 04:00:00,0.2033333333333333,0.29940903,-0.09607569853464765,-0.035845492,0.26356354
2007-06-06 04:15:00,0.1777333333333333,0.27196833,-0.09423500157992049,-0.038598068,0.23337027
2007-06-06 04:30:00,0.3338666666666666,0.35999292,-0.026126254685719885,-0.03831693,0.321676
2007-06-06 04:45:00,0.2478666666666666,0.34392843,-0.09606175983746854,-0.03010056,0.31382787
2007-06-06 05:00:00,0.1778666666666666,0.2660099,-0.0881432303269705,-0.034488574,0.23152132
2007-06-06 05:15:00,0.2728,0.30037946,-0.027579455089569105,-0.035526536,0.2648529
2007-06-06 05:30:00,0.3816,0.39966333,-0.01806332912445069,-0.029144676,0.37051865
2007-06-06 05:45:00,0.2561333333333333,0.32597053,-0.0698371971766154,-0.027314892,0.29865563
2007-06-06 06:00:00,0.4822666666666667,0.43025348,0.052013190762201955,-0.03157848,0.398675
2007-06-06 06:15:00,1.1709333333333334,1.4749593,-0.30402592093149816,-0.020416211,1.454543
2007-06-06 06:30:00,2.3102666666666667,2.3394814,-0.029214687093098934,-0.051027283,2.288454
2007-06-06 06:45:00,3.0085333333333333,2.4488761,0.5596571908315022,-0.029471783,2.4194043
2007-06-06 07:00:00,1.78,2.4254668,-0.645466775894165,0.057674725,2.4831414
2007-06-06 07:15:00,1.404,1.8771198,-0.4731197795867921,-0.050398156,1.8267217
2007-06-06 07:30:00,1.4531999999999998,1.6351454,-0.18194542579650896,-0.053733386,1.5814121
2007-06-06 07:45:00,1.496133333333333,1.6383693,-0.14223598848978702,-0.0443091,1.5940602
2007-06-06 08:00:00,1.3749333333333331,1.5130451,-0.13811173922220887,-0.03930573,1.4737394
2007-06-06 08:15:00,1.646,1.4152079,0.230792137145996,-0.040219333,1.3749886
2007-06-06 08:30:00,1.7012,1.6615263,0.03967367763519292,0.008428179,1.6699545
2007-06-06 08:45:00,1.4471999999999998,1.6510296,-0.20382958679199237,0.008112489,1.659142
2007-06-06 09:00:00,1.4245333333333332,1.4839009,-0.059367571322123336,-0.030249918,1.453651
2007-06-06 09:15:00,1.378,1.3665645,0.011435487747192274,-0.021340627,1.3452239
2007-06-06 09:30:00,1.6254666666666668,1.403814,0.22165270849863705,-0.007992081,1.3958219
2007-06-06 09:45:00,1.3726666666666667,1.6292633,-0.2565966151555379,0.030391403,1.6596547
2007-06-06 10:00:00,1.3530666666666666,1.4245639,-0.07149721806844078,-0.029084,1.3954799
2007-06-06 10:15:00,1.4227999999999998,1.5044092,-0.0816091939926149,-0.019282566,1.4851266
2007-06-06 10:30:00,1.2721333333333331,1.3826848,-0.110551493517558,-0.015778879,1.3669059
2007-06-06 10:45:00,1.4,1.3779703,0.022029662132263095,-0.017527737,1.3604426
2007-06-06 11:00:00,1.6610666666666667,1.6978027,-0.03673599618275958,-0.006784303,1.6910183
2007-06-06 11:15:00,1.7669333333333337,1.7567062,0.010227095540364939,-0.019335585,1.7373706
2007-06-06 11:30:00,1.2161333333333333,1.5571957,-0.34106233011881515,-0.0034906273,1.553705
2007-06-06 11:45:00,0.8485333333333334,0.94755584,-0.09902250668207802,-0.035381272,0.9121746
2007-06-06 12:00:00,0.7916000000000001,0.7125024,0.0790975800514222,-0.021425422,0.691077
2007-06-06 12:15:00,0.9118666666666666,1.1266751,-0.21480846227010097,-0.0033295942,1.1233455
2007-06-06 12:30:00,0.5038666666666667,0.8249623,-0.3210956512769063,-0.027589742,0.7973726
2007-06-06 12:45:00,0.8094666666666667,0.7508137,0.058652944056193035,-0.03934168,0.71147203
2007-06-06 13:00:00,0.5207999999999999,0.6535729,-0.13277291698455818,-0.011977939,0.641595
2007-06-06 13:15:00,0.5224,0.48790112,0.03449887862205503,-0.02248889,0.46541223
2007-06-06 13:30:00,0.4112,0.51449627,-0.10329626684188842,-0.0074174623,0.5070788
2007-06-06 13:45:00,0.6177333333333334,0.46897066,0.14876267693837486,-0.017891977,0.45107868
2007-06-06 14:00:00,0.3389333333333333,0.5828288,-0.2438954864184062,0.0085993325,0.59142816
2007-06-06 14:15:00,0.4006666666666666,0.36306244,0.037604225317637074,-0.027044404,0.33601803
2007-06-06 14:30:00,1.5257333333333334,1.5536608,-0.027927417055765735,-0.004850105,1.5488106
2007-06-06 14:45:00,2.9429333333333334,2.8103585,0.13257480901082364,-0.00877539,2.801583
2007-06-06 15:00:00,1.359333333333333,1.6007879,-0.24145454470316596,0.016874686,1.6176625
2007-06-06 15:15:00,0.4326666666666667,0.57042444,-0.13775777085622148,-0.027889999,0.5425344
2007-06-06 15:30:00,0.5388000000000001,0.48714733,0.05165266876220709,-0.024820523,0.4623268
2007-06-06 15:45:00,0.45,0.4574648,-0.00746481418609618,-0.0049370294,0.4525278
2007-06-06 16:00:00,2.3564000000000003,2.231108,0.12529204978942898,-0.0034213518,2.2276866
2007-06-06 16:15:00,0.6270666666666666,1.17075,-0.5436833552678427,0.010640093,1.1813902
2007-06-06 16:30:00,0.5730666666666667,0.8491072,-0.2760405392011006,-0.05246962,0.7966376
2007-06-06 16:45:00,0.4586666666666666,0.6387114,-0.18004472621281947,-0.044164825,0.59454656
2007-06-06 17:00:00,0.3662666666666666,0.53522867,-0.16896200297673553,-0.042555965,0.4926727
2007-06-06 17:15:00,0.416,0.44077048,-0.024770477056503315,-0.042560507,0.39820996
2007-06-06 17:30:00,0.5206666666666667,0.64397216,-0.12330549176534011,-0.029393591,0.61457855
2007-06-06 17:45:00,0.4462666666666666,0.64765847,-0.20139180062611906,-0.037063472,0.610595
2007-06-06 18:00:00,0.45,0.4756429,-0.025642889738082875,-0.042246267,0.43339664
2007-06-06 18:15:00,0.4089333333333333,0.50879216,-0.099858828608195,-0.024560956,0.4842312
2007-06-06 18:30:00,0.5766666666666667,0.6330132,-0.05634652217229208,-0.030060915,0.6029523
2007-06-06 18:45:00,0.6212,1.0181812,-0.39698120479583743,-0.025124684,0.99305654
2007-06-06 19:00:00,1.4410666666666667,1.6311783,-0.19011159318288162,-0.056195475,1.5749828
2007-06-06 19:15:00,3.880533333333333,3.557577,0.32295643857320133,-0.044342868,3.5132341
2007-06-06 19:30:00,2.5170666666666666,2.6167507,-0.09968405049641937,0.022214243,2.638965
2007-06-06 19:45:00,2.337333333333333,2.6155229,-0.27818952814737985,-0.01139359,2.6041293
2007-06-06 20:00:00,3.3361333333333336,3.7869208,-0.45078745257059705,-0.047828473,3.7390924
2007-06-06 20:15:00,1.6488,2.8166232,-1.1678232109069824,-0.062317047,2.754306
2007-06-06 20:30:00,1.5153333333333334,2.1088812,-0.5935479017893472,-0.08202258,2.0268586
2007-06-06 20:45:00,1.6306666666666667,1.8464906,-0.21582395490010575,-0.06752561,1.778965
2007-06-06 21:00:00,1.7233333333333332,2.0073464,-0.2840130583445233,-0.057245772,1.9501007
2007-06-06 21:15:00,1.8938666666666668,2.005601,-0.1117342625935871,-0.06235938,1.9432416
2007-06-06 21:30:00,2.710533333333333,2.6635747,0.04695863774617459,-0.030385295,2.6331894
2007-06-06 21:45:00,2.5039333333333333,2.5189455,-0.015012122217814117,-0.010832365,2.5081131
2007-06-06 22:00:00,2.5288,2.1084993,0.42030071144104,-0.0049977447,2.1035016
2007-06-06 22:15:00,2.126133333333333,2.257068,-0.1309345854441326,0.055689905,2.3127577
2007-06-06 22:30:00,1.8428,2.1263754,-0.2835754367828369,-0.027449245,2.0989263
2007-06-06 22:45:00,1.9658666666666669,2.1286635,-0.16279687321980774,-0.07787112,2.0507925
2007-06-06 23:00:00,2.5133333333333336,2.7330647,-0.21973131815592417,-0.072559156,2.6605055
2007-06-06 23:15:00,1.2772,2.0987906,-0.8215906455993653,-0.06939217,2.0293984
2007-06-06 23:30:00,0.36,1.0641242,-0.7041242265701294,-0.08823569,0.97588855
2007-06-06 23:45:00,0.3028,0.48294175,-0.18014174671173094,-0.07738148,0.40556026
2007-06-07 00:00:00,0.3116,0.38088712,-0.06928712096214296,-0.05970267,0.32118446
2007-06-07 00:15:00,0.3033333333333333,0.39659926,-0.09326592961947128,-0.043701865,0.3528974
2007-06-07 00:30:00,0.3401333333333333,0.62322325,-0.2830899118105571,-0.02187597,0.60134727
2007-06-07 00:45:00,0.2962666666666667,0.38362005,-0.0873533868630727,-0.039708264,0.3439118
2007-06-07 01:00:00,0.1942666666666666,0.28975803,-0.09549135993321745,-0.023412246,0.26634577
2007-06-07 01:15:00,0.2414666666666666,0.28881666,-0.047349993975957294,-0.033197228,0.25561944
2007-06-07 01:30:00,0.3290666666666667,0.41107804,-0.08201136916478474,-0.032974202,0.37810382
2007-06-07 01:45:00,0.2062666666666666,0.28270817,-0.07644150136311856,-0.03802273,0.24468544
2007-06-07 02:00:00,0.172,0.22263017,-0.05063017296791078,-0.036713034,0.18591714
2007-06-07 02:15:00,0.308,0.32845935,-0.020459352254867558,-0.033495687,0.29496366
2007-06-07 02:30:00,0.2876,0.35477594,-0.06717593541145322,-0.033822823,0.3209531
2007-06-07 02:45:00,0.2033333333333333,0.2251595,-0.021826162735621157,-0.039342623,0.18581687
2007-06-07 03:00:00,0.2968,0.29388615,0.0029138451099395835,-0.036028996,0.25785714
2007-06-07 03:15:00,0.3941333333333333,0.40918848,-0.01505514585177109,-0.031548165,0.3776403
2007-06-07 03:30:00,0.2896,0.34516972,-0.055569723033905005,-0.030510182,0.31465954
2007-06-07 03:45:00,0.2665333333333333,0.31826,-0.051726680723826135,-0.03495202,0.283308
2007-06-07 04:00:00,0.3201333333333333,0.37184516,-0.05171182262102764,-0.035587683,0.33625746
2007-06-07 04:15:00,0.2770666666666667,0.35131428,-0.0742476097901662,-0.034520846,0.31679344
2007-06-07 04:30:00,0.2294666666666666,0.30002856,-0.07056189587910977,-0.03563229,0.26439628
2007-06-07 04:45:00,0.2166666666666666,0.29372358,-0.07705691655476896,-0.03728626,0.25643733
2007-06-07 05:00:00,0.2262666666666666,0.28825027,-0.061983600838979164,-0.03772187,0.2505284
2007-06-07 05:15:00,0.2964,0.32199532,-0.025595317935943607,-0.035708312,0.286287
2007-06-07 05:30:00,0.2202666666666666,0.27843702,-0.058170351727803604,-0.032135066,0.24630195
2007-06-07 05:45:00,0.1778666666666666,0.2276516,-0.04978492940266935,-0.03289251,0.19475909
2007-06-07 06:00:00,0.2862666666666666,0.44500673,-0.15874006150563563,-0.028089205,0.41691753
2007-06-07 06:15:00,0.3582666666666666,0.6187906,-0.2605239598592123,-0.034687005,0.58410364
2007-06-07 06:30:00,0.2527999999999999,0.51381904,-0.2610190388679505,-0.040651172,0.47316787
2007-06-07 06:45:00,1.6034666666666666,0.68658173,0.9168849358240763,-0.042594694,0.64398706
2007-06-07 07:00:00,0.5848,1.4529322,-0.8681322385787964,0.042988755,1.495921
2007-06-07 07:15:00,0.8236000000000001,0.8706185,-0.0470185221672057,-0.060726225,0.8098923
2007-06-07 07:30:00,1.7664000000000002,1.7110513,0.055348655128479196,-0.034792818,1.6762586
2007-06-07 07:45:00,1.8217333333333332,1.7416902,0.08004317448933906,-0.006275926,1.7354143
2007-06-07 08:00:00,1.358666666666667,1.7359399,-0.3772731936772662,0.014735737,1.7506756
2007-06-07 08:15:00,1.4268,1.5390544,-0.11225439376831048,-0.043196812,1.4958576
2007-06-07 08:30:00,1.3073333333333332,1.5404395,-0.23310615317026784,-0.045815255,1.4946243
2007-06-07 08:45:00,1.1727999999999998,1.263459,-0.09065896720886246,-0.055434562,1.2080244
2007-06-07 09:00:00,1.2356,1.32616,-0.09055995407104489,-0.04558158,1.2805784
2007-06-07 09:15:00,1.3370666666666666,1.4661485,-0.12908182900746668,-0.042595547,1.423553
2007-06-07 09:30:00,1.2436,1.2924628,-0.048862825775146446,-0.044867042,1.2475958
2007-06-07 09:45:00,1.1861333333333337,1.3170099,-0.13087659250895145,-0.038800675,1.2782092
2007-06-07 10:00:00,0.3898666666666666,0.80263746,-0.41277079118092863,-0.04110989,0.76152754
2007-06-07 10:15:00,0.3341333333333333,0.33021697,0.00391635931332901,-0.053476516,0.27674046
2007-06-07 10:30:00,0.2518666666666667,0.30655098,-0.05468431294759113,-0.035085343,0.27146563
2007-06-07 10:45:00,0.3445333333333333,0.37611797,-0.03158464118639631,-0.03312763,0.34299034
2007-06-07 11:00:00,0.3273333333333333,0.43494046,-0.10760712401072187,-0.029151887,0.40578857
2007-06-07 11:15:00,0.1823999999999999,0.256342,-0.07394199380874644,-0.03350602,0.22283597
2007-06-07 11:30:00,0.2231999999999999,0.19686878,0.02633122272491445,-0.033642653,0.16322613
2007-06-07 11:45:00,0.3462666666666666,0.42681342,-0.08054675696690883,-0.022414131,0.4043993
2007-06-07 12:00:00,0.2017333333333333,0.2640516,-0.062318253056208334,-0.028355604,0.23569599
2007-06-07 12:15:00,0.1806666666666666,0.26675344,-0.08608676846822111,-0.029532745,0.23722069
2007-06-07 12:30:00,0.3356,0.43598646,-0.1003864592552185,-0.02909512,0.40689135
2007-06-07 12:45:00,0.2474666666666666,0.3319113,-0.08444462898572291,-0.028978366,0.30293292
2007-06-07 13:00:00,0.2368,0.21536735,0.02143265299797059,-0.032240964,0.18312639
2007-06-07 13:15:00,0.3661333333333333,0.36272883,0.003404499181111631,-0.017934885,0.34479395
2007-06-07 13:30:00,0.3641333333333333,0.41158175,-0.04744842135111493,-0.014177274,0.3974045
2007-06-07 13:45:00,0.2514666666666666,0.3178289,-0.06636222699483241,-0.015000902,0.30282798
2007-06-07 14:00:00,0.4414666666666667,0.34690946,0.09455720326105754,-0.019551171,0.3273583
2007-06-07 14:15:00,0.6929333333333333,0.6506722,0.042261135991414345,0.0020874613,0.6527597
2007-06-07 14:30:00,0.4635999999999999,0.5813789,-0.11777887716293345,0.0007423028,0.5821212
2007-06-07 14:45:00,0.68,0.40689984,0.27310016036033635,-0.015956929,0.3909429
2007-06-07 15:00:00,0.7498666666666668,0.5673235,0.1825431607882183,0.021960681,0.5892842
2007-06-07 15:15:00,0.8017333333333333,0.5379119,0.26382144139607744,0.04063415,0.57854605
2007-06-07 15:30:00,0.7108000000000001,0.5593533,0.1514467080116273,0.059420273,0.6187736
2007-06-07 15:45:00,0.7461333333333333,0.5192869,0.22684646237691242,0.051836092,0.57112294
2007-06-07 16:00:00,0.8058666666666666,0.6836839,0.12218279444376623,0.0586724,0.7423563
2007-06-07 16:15:00,0.7965333333333333,0.73013633,0.06639699843724567,0.045631647,0.775768
2007-06-07 16:30:00,0.7413333333333333,0.6531485,0.08818486102422074,0.027251603,0.6804001
2007-06-07 16:45:00,0.7827999999999999,0.5099882,0.27281181125640863,0.021208968,0.53119713
2007-06-07 17:00:00,0.9086666666666668,0.78541625,0.12325042120615659,0.053627927,0.83904415
2007-06-07 17:15:00,0.8121333333333334,0.6862826,0.12585075820287073,0.044983428,0.731266
2007-06-07 17:30:00,0.736,0.6534252,0.0825747833251953,0.041749902,0.6951751
2007-06-07 17:45:00,0.8546666666666667,0.57342863,0.28123803583780926,0.03110723,0.6045359
2007-06-07 18:00:00,1.0454666666666668,0.8284542,0.21701247021357228,0.063000284,0.89145446
2007-06-07 18:15:00,0.7804,0.79143244,-0.011032440280914324,0.07130334,0.86273575
2007-06-07 18:30:00,0.7493333333333333,0.6748696,0.0744637363751729,0.027576847,0.70244646
2007-06-07 18:45:00,1.4338666666666666,1.153355,0.28051166426340735,0.024800794,1.1781558
2007-06-07 19:00:00,1.8389333333333333,1.5081766,0.3307567681630452,0.05963222,1.5678087
2007-06-07 19:15:00,1.3982666666666668,1.7634282,-0.36516154454549143,0.09320787,1.856636
2007-06-07 19:30:00,0.8129333333333334,1.1531385,-0.34020518500010166,-0.0185189,1.1346196
2007-06-07 19:45:00,1.1850666666666667,1.007134,0.17793270594278976,-0.046815462,0.9603185
2007-06-07 20:00:00,1.1413333333333333,1.215839,-0.07450569502512616,0.00452132,1.2203604
2007-06-07 20:15:00,0.794,1.1297401,-0.3357401189804077,-0.017921694,1.1118184
2007-06-07 20:30:00,0.9394666666666668,1.1067028,-0.1672361378987629,-0.055764638,1.0509381
2007-06-07 20:45:00,2.1977333333333333,2.445548,-0.24781472422281903,-0.044949032,2.400599
2007-06-07 21:00:00,1.5228,1.8711482,-0.3483482286453248,-0.051261038,1.8198872
2007-06-07 21:15:00,0.9021333333333332,1.420636,-0.5185027245203655,-0.05840263,1.3622334
2007-06-07 21:30:00,1.2979999999999998,1.1717248,0.1262752037048338,-0.06389446,1.1078303
2007-06-07 21:45:00,1.415333333333333,1.8506614,-0.43532806364695253,-0.011547268,1.8391141
2007-06-07 22:00:00,0.5377333333333334,1.1185131,-0.5807797739664713,-0.06217962,1.0563335
2007-06-07 22:15:00,1.5436,1.573257,-0.029656969451904214,-0.06640327,1.5068537
2007-06-07 22:30:00,1.3577333333333332,1.5568826,-0.19914928652445485,-0.03058839,1.5262942
2007-06-07 22:45:00,0.8422666666666667,1.1637157,-0.32144905351003006,-0.04611326,1.1176025
2007-06-07 23:00:00,0.42,0.8895949,-0.4695949125289917,-0.059287906,0.830307
2007-06-07 23:15:00,0.3712,0.2958056,0.07539439673423765,-0.06503899,0.23076662
2007-06-07 23:30:00,0.3277333333333334,0.24452808,0.08320524833997095,-0.015267594,0.22926049
2007-06-07 23:45:00,0.3334666666666666,0.3114425,0.02202417227427156,0.010945566,0.32238805
2007-06-08 00:00:00,0.3830666666666666,0.34919387,0.03387279564539586,0.018561084,0.36775497
2007-06-08 00:15:00,0.3188,0.29395598,0.024844018268585177,0.029473953,0.32342994
2007-06-08 00:30:00,0.3021333333333333,0.25874063,0.043392699607213314,0.013199046,0.2719397
2007-06-08 00:45:00,0.2289333333333333,0.2446995,-0.015766159717241962,0.010511237,0.25521073
2007-06-08 01:00:00,0.2762666666666666,0.24503171,0.031234952227274515,-0.0073994235,0.23763229
2007-06-08 01:15:00,0.2628,0.20688687,0.05591312735080717,-0.005574253,0.20131262
2007-06-08 01:30:00,0.1972,0.20355336,-0.006353363680839552,-0.004177908,0.19937545
2007-06-08 01:45:00,0.2249333333333333,0.18949345,0.03543988579114274,-0.013454937,0.1760385
2007-06-08 02:00:00,0.3124,0.2546405,0.05775951018333436,-0.01146688,0.24317361
2007-06-08 02:15:00,0.2027999999999999,0.18058428,0.022215718317031757,-0.007535991,0.17304829
2007-06-08 02:30:00,0.1730666666666666,0.18718652,-0.014119857605298436,-0.012178003,0.17500852
2007-06-08 02:45:00,0.3616,0.267674,0.09392600092887876,-0.019776233,0.24789777
2007-06-08 03:00:00,0.3411999999999999,0.29646915,0.04473084802627553,-0.0056428825,0.29082626
2007-06-08 03:15:00,0.2448,0.22450137,0.020298628616332998,-0.007931371,0.21657
2007-06-08 03:30:00,0.306,0.25501525,0.050984745979309076,-0.012676444,0.2423388
2007-06-08 03:45:00,0.3805333333333333,0.33782732,0.042706008466084744,-0.008601446,0.32922587
2007-06-08 04:00:00,0.2353333333333333,0.2328911,0.002442235668500242,-0.0068844883,0.22600661
2007-06-08 04:15:00,0.1945333333333333,0.1951585,-0.0006251631657282763,-0.014210189,0.1809483
2007-06-08 04:30:00,0.2935999999999999,0.23935159,0.05424841449260703,-0.015656982,0.22369461
2007-06-08 04:45:00,0.2421333333333333,0.23411797,0.00801536346276599,-0.0058928286,0.22822514
2007-06-08 05:00:00,0.1934666666666666,0.17240053,0.021066132513681973,-0.009099832,0.16330071
2007-06-08 05:15:00,0.2285333333333333,0.143314,0.08521932938893634,-0.008728563,0.13458544
2007-06-08 05:30:00,0.2741333333333333,0.20277691,0.07135642445882157,0.0025092596,0.20528618
2007-06-08 05:45:00,0.2254666666666666,0.17507063,0.050396038142839994,0.00638427,0.1814549
2007-06-08 06:00:00,0.2381333333333333,0.18966915,0.0484641861995061,0.004559267,0.19422841
2007-06-08 06:15:00,0.3209333333333333,0.32404342,-0.0031100896040598958,0.0027586021,0.32680202
2007-06-08 06:30:00,0.3404,0.51628107,-0.17588106832504274,-0.0031689443,0.5131121
2007-06-08 06:45:00,0.2898666666666666,0.4616394,-0.1717727376302084,-0.02510986,0.43652955
2007-06-08 07:00:00,0.2481333333333333,0.34482795,-0.09669461666742965,-0.029108532,0.31571943
2007-06-08 07:15:00,0.4184,0.49106857,-0.07266857180595399,-0.029064357,0.4620042
2007-06-08 07:30:00,1.7649333333333332,1.107284,0.6576493834813435,-0.023971405,1.0833125
2007-06-08 07:45:00,1.3832,1.7688382,-0.3856381671905518,0.06535009,1.8341882
2007-06-08 08:00:00,1.4769333333333334,1.4790937,-0.002160337511698307,-0.027508209,1.4515854
2007-06-08 08:15:00,1.3453333333333333,1.2944796,0.05085372479756667,-0.0109306825,1.283549
2007-06-08 08:30:00,1.2714666666666663,1.2490026,0.022464090792337688,0.0032512932,1.2522539
2007-06-08 08:45:00,1.3723999999999998,1.2153323,0.15706773033142074,0.008837113,1.2241694
2007-06-08 09:00:00,1.5886666666666664,1.2807153,0.3079513203303017,0.023091663,1.303807
2007-06-08 09:15:00,2.8588,2.7116039,0.14719612007141114,0.054814324,2.7664182
2007-06-08 09:30:00,1.7472,1.8239579,-0.0767579200744628,0.04658684,1.8705448
2007-06-08 09:45:00,1.6253333333333333,1.6536808,-0.028347468058268266,-0.0023896378,1.6512911
2007-06-08 10:00:00,1.9405333333333328,2.0219865,-0.08145315119425511,-0.011816949,2.0101695
2007-06-08 10:15:00,4.086,4.494349,-0.40834900283813447,-0.024227273,4.470122
2007-06-08 10:30:00,3.6126666666666662,3.700785,-0.08811825497945192,-0.05146409,3.6493208
2007-06-08 10:45:00,2.8458666666666668,3.07724,-0.23137332356770823,-0.038748432,3.0384915
2007-06-08 11:00:00,3.5866666666666664,3.8302853,-0.2436186440785728,-0.04578821,3.784497
2007-06-08 11:15:00,3.2818666666666667,3.4375546,-0.15568793118794755,-0.045647953,3.3919067
2007-06-08 11:30:00,1.5474666666666663,2.0387025,-0.4912358212788903,-0.041333344,1.9973692
2007-06-08 11:45:00,1.5361333333333334,1.6868203,-0.1506869352976481,-0.053926986,1.6328933
2007-06-08 12:00:00,1.6193333333333333,1.4308828,0.1884505217870076,-0.042914808,1.3879681
2007-06-08 12:15:00,1.6646666666666663,1.6238471,0.0408195397059119,-0.009503965,1.6143432
2007-06-08 12:30:00,4.034133333333333,4.6463146,-0.6121812876383466,-0.0035840715,4.6427307
2007-06-08 12:45:00,3.101733333333333,3.498382,-0.396648758188884,-0.05613628,3.4422457
2007-06-08 13:00:00,3.921066666666667,4.4462543,-0.5251875867207842,-0.052650128,4.3936043
2007-06-08 13:15:00,1.6045333333333334,2.4389992,-0.8344658426920573,-0.062210876,2.3767884
2007-06-08 13:30:00,2.0352,1.7071064,0.32809364814758313,-0.07191354,1.6351929
2007-06-08 13:45:00,4.136,4.4155416,-0.279541648864746,-0.020324545,4.395217
2007-06-08 14:00:00,3.3728,3.5400019,-0.16720186920166036,-0.04926738,3.4907346
2007-06-08 14:15:00,2.107733333333333,2.794154,-0.6864205954233809,-0.040944412,2.7532096
2007-06-08 14:30:00,1.8246666666666669,1.6258612,0.19880549875895204,-0.06333997,1.5625212
2007-06-08 14:45:00,3.7674666666666665,4.108124,-0.3406571126302085,-0.009249901,4.098874
2007-06-08 15:00:00,2.216533333333333,2.5323632,-0.3158298430124922,-0.05677541,2.4755878
2007-06-08 15:15:00,1.9333333333333331,2.0503073,-0.11697394053141297,-0.057802636,1.9925046
2007-06-08 15:30:00,1.5338666666666667,1.792584,-0.25871727574666337,-0.045718696,1.7468653
2007-06-08 15:45:00,0.4704,0.8824237,-0.41202369890213014,-0.055421848,0.82700187
2007-06-08 16:00:00,0.3793333333333333,0.4863046,-0.10697127763430281,-0.063303605,0.423001
2007-06-08 16:15:00,0.45,0.38208482,0.06791518330574037,-0.04887551,0.3332093
2007-06-08 16:30:00,0.3464,0.35523307,-0.00883307323455812,-0.02596726,0.3292658
2007-06-08 16:45:00,0.3910666666666666,0.37907997,0.011986698929468742,-0.023812134,0.35526782
2007-06-08 17:00:00,0.4021333333333333,0.35806295,0.04407038057645157,-0.027577521,0.33048543
2007-06-08 17:15:00,0.6768000000000001,0.67654413,0.0002558701515198436,-0.024662683,0.65188146
2007-06-08 17:30:00,2.1109333333333336,2.7758107,-0.6648773852030434,-0.027350225,2.7484605
2007-06-08 17:45:00,5.439733333333334,5.293187,0.14654619191487672,-0.07397094,5.2192163
2007-06-08 18:00:00,2.2284,2.8158994,-0.5874993721008299,-0.021320608,2.7945788
2007-06-08 18:15:00,1.496133333333333,1.5449189,-0.04878556143442814,-0.07437343,1.4705454
2007-06-08 18:30:00,3.332266666666667,3.202275,0.129991628901164,-0.03822429,3.1640508
2007-06-08 18:45:00,1.5219999999999998,1.9182405,-0.396240547180176,-0.0035604313,1.9146801
2007-06-08 19:00:00,1.5249333333333333,1.455536,0.0693973254521687,-0.0633351,1.392201
2007-06-08 19:15:00,1.4490666666666667,1.3192825,0.12978413492838548,-0.03131345,1.2879691
2007-06-08 19:30:00,4.335999999999999,4.031942,0.3040581092834467,0.008358774,4.040301
2007-06-08 19:45:00,4.849333333333333,4.6223855,0.22694783147176079,0.061749365,4.684135
2007-06-08 20:00:00,5.158,5.1814466,-0.023446552276610966,0.059651192,5.241098
2007-06-08 20:15:00,4.187466666666666,4.265885,-0.07841820958455514,0.0077368687,4.2736216
2007-06-08 20:30:00,4.3705333333333325,4.826747,-0.4562136072794605,-0.013491547,4.8132553
2007-06-08 20:45:00,3.0862666666666665,3.369939,-0.28367242215474464,-0.07041167,3.2995274
2007-06-08 21:00:00,1.9373333333333331,2.0545876,-0.11725426928202332,-0.060795926,1.9937917
2007-06-08 21:15:00,1.0981333333333334,1.2145281,-0.11639475046793613,-0.046027362,1.1685007
2007-06-08 21:30:00,0.9590666666666666,0.87740016,0.0816665068308512,-0.038368948,0.8390312
2007-06-08 21:45:00,0.7925333333333333,1.0192004,-0.22666711088816327,-0.011302196,1.0078982
2007-06-08 22:00:00,0.5688,0.9517029,-0.382902892780304,-0.045375507,0.90632737
2007-06-08 22:15:00,0.804,0.606203,0.197796980381012,-0.06324929,0.5429537
2007-06-08 22:30:00,0.4210666666666666,0.78301,-0.36194333928426115,0.0046692234,0.78767926
2007-06-08 22:45:00,0.3738666666666666,0.37778136,-0.0039146946748098155,-0.05811268,0.31966868
2007-06-08 23:00:00,0.3405333333333333,0.31884176,0.021691577943166063,-0.016160319,0.30268145
2007-06-08 23:15:00,0.4174666666666666,0.36002886,0.05743780371348056,0.007756957,0.3677858
2007-06-08 23:30:00,0.5050666666666667,0.43907857,0.06598809725443522,0.012739075,0.45181763
2007-06-08 23:45:00,0.7738666666666667,0.42062795,0.3532387150446574,0.011228531,0.43185648
2007-06-09 00:00:00,0.7657333333333334,0.6184862,0.1472471077283224,0.05731223,0.6757985
2007-06-09 00:15:00,0.4184,0.692948,-0.27454798374176026,0.049148507,0.7420965
2007-06-09 00:30:00,0.3962666666666666,0.45775104,-0.06148436902364102,-0.037031546,0.4207195
2007-06-09 00:45:00,0.3188,0.37193736,-0.05313736433982852,-0.02807353,0.34386384
2007-06-09 01:00:00,0.3057333333333333,0.35259667,-0.046863337055842114,-0.021916382,0.33068028
2007-06-09 01:15:00,1.0452,1.164457,-0.11925696353912363,-0.024252117,1.1402049
2007-06-09 01:30:00,1.3384,1.5315232,-0.19312322769165036,-0.042450193,1.489073
2007-06-09 01:45:00,0.7056,0.81555414,-0.10995414199829101,-0.05678713,0.758767
2007-06-09 02:00:00,0.2770666666666666,0.5629192,-0.28585253280003875,-0.04708301,0.5158362
2007-06-09 02:15:00,0.3737333333333333,0.41157553,-0.03784219266573591,-0.06469437,0.34688115
2007-06-09 02:30:00,0.2958666666666666,0.28405592,0.01181074821154271,-0.0383637,0.24569222
2007-06-09 02:45:00,0.2373333333333333,0.31182966,-0.07449632302920026,-0.022305677,0.289524
2007-06-09 03:00:00,0.2614666666666666,0.3031944,-0.04172773698170984,-0.029290987,0.27390343
2007-06-09 03:15:00,0.306,0.34630093,-0.040300929784774786,-0.026258247,0.32004267
2007-06-09 03:30:00,0.2534666666666667,0.30413416,-0.05066749361356099,-0.02507592,0.27905825
2007-06-09 03:45:00,0.2870666666666667,0.31909826,-0.03203159731229144,-0.026091142,0.29300714
2007-06-09 04:00:00,0.3597333333333333,0.37019205,-0.010458717600504597,-0.025521215,0.34467083
2007-06-09 04:15:00,0.294,0.34651724,-0.05251723504066469,-0.021375915,0.3251413
2007-06-09 04:30:00,0.196,0.26133743,-0.06533742928504943,-0.025451098,0.23588634
2007-06-09 04:45:00,0.2489333333333333,0.31605542,-0.06712208372751874,-0.028485337,0.2875701
2007-06-09 05:00:00,0.3608,0.43024632,-0.06944632334709167,-0.028578801,0.40166754
2007-06-09 05:15:00,0.2837333333333333,0.3361048,-0.05237147690455124,-0.028660739,0.30744407
2007-06-09 05:30:00,0.2490666666666667,0.30516285,-0.056096180375417054,-0.027531415,0.27763143
2007-06-09 05:45:00,0.3509333333333334,0.3772955,-0.02636216074625647,-0.027106987,0.3501885
2007-06-09 06:00:00,0.2596,0.37458846,-0.11498845973014832,-0.022924818,0.35166365
2007-06-09 06:15:00,0.1936,0.2930284,-0.09942841424942017,-0.030355547,0.26267287
2007-06-09 06:30:00,0.2762666666666666,0.3653037,-0.08903702853520717,-0.028631695,0.336672
2007-06-09 06:45:00,0.3651999999999999,0.5097075,-0.14450751047134408,-0.02420317,0.48550433
2007-06-09 07:00:00,0.2922666666666667,0.3618018,-0.06953513644536335,-0.02775924,0.33404255
2007-06-09 07:15:00,0.2525333333333333,0.3832543,-0.13072095629374192,-0.021395992,0.3618583
2007-06-09 07:30:00,1.5146666666666666,0.47660455,1.0380621155897776,-0.025550544,0.451054
2007-06-09 07:45:00,0.3522666666666667,1.0144352,-0.6621685054143269,0.07298835,1.0874236
2007-06-09 08:00:00,0.3126666666666667,0.3372194,-0.024552720626195235,-0.04744065,0.28977874
2007-06-09 08:15:00,0.5665333333333333,0.32956538,0.23696795729001363,-0.01943052,0.31013486
2007-06-09 08:30:00,1.5089333333333337,1.6161035,-0.10717019659678106,0.04029244,1.6563959
2007-06-09 08:45:00,1.4621333333333335,1.6186926,-0.15655930315653466,0.004070928,1.6227635
2007-06-09 09:00:00,1.3233333333333337,1.5097094,-0.18637602488199834,-0.032239437,1.4774699
2007-06-09 09:15:00,0.9572,1.3173537,-0.36015372543334956,-0.057249267,1.2601044
2007-06-09 09:30:00,0.4224,0.7680997,-0.34569972524642945,-0.069109544,0.69899017
2007-06-09 09:45:00,0.6105333333333333,0.51126975,0.09926358512242628,-0.06602115,0.4452486
2007-06-09 10:00:00,1.7949333333333333,2.2606506,-0.46571730143229173,-0.028922653,2.231728
2007-06-09 10:15:00,0.484,1.0227278,-0.5387278470993042,-0.06274406,0.95998377
2007-06-09 10:30:00,0.6486666666666667,0.8158049,-0.16713823207219436,-0.06319812,0.75260675
2007-06-09 10:45:00,1.9506666666666663,2.0325189,-0.08185219701131219,-0.05313909,1.9793798
2007-06-09 11:00:00,0.4017333333333333,1.0803269,-0.6785935814539592,-0.036618225,1.0437087
2007-06-09 11:15:00,0.402,0.37097555,0.031024446010589624,-0.06712551,0.30385005
2007-06-09 11:30:00,0.5763333333333333,0.40530476,0.17102857359250379,-0.031250756,0.374054
2007-06-09 11:45:00,0.7432,0.6347037,0.1084963042259216,0.01844465,0.65314835
2007-06-09 12:00:00,0.4752,0.60055554,-0.12535553913116454,0.030379735,0.63093525
2007-06-09 12:15:00,0.5401333333333334,0.82889986,-0.2887665270487467,-0.00583342,0.8230664
2007-06-09 12:30:00,0.4017333333333333,0.5937119,-0.19197857929865525,-0.052913055,0.54079884
2007-06-09 12:45:00,0.3973333333333333,0.42560297,-0.02826963917414349,-0.034709625,0.39089334
2007-06-09 13:00:00,0.5304,0.33643186,0.1939681390762329,-0.016524462,0.3199074
2007-06-09 13:15:00,0.9010666666666668,0.5596874,0.3413792906443279,0.022784494,0.58247185
2007-06-09 13:30:00,0.3525333333333333,0.67868805,-0.32615471598307294,0.07970641,0.7583945
2007-06-09 13:45:00,1.4274666666666669,1.3996481,0.0278185963312787,-0.025540883,1.3741072
2007-06-09 14:00:00,1.7648,1.5731654,0.19163458328247063,0.0058230204,1.5789884
2007-06-09 14:15:00,1.3413333333333337,1.411371,-0.07003765932718875,0.036791116,1.4481621
2007-06-09 14:30:00,0.6824,0.7024099,-0.020009923076629632,0.00490705,0.707317
2007-06-09 14:45:00,0.386,0.5588818,-0.17288181924819945,-0.010283783,0.54859805
2007-06-09 15:00:00,0.3825333333333333,0.3248183,0.057715020211537627,-0.030524813,0.2942935
2007-06-09 15:15:00,0.3450666666666667,0.32354906,0.02151760465304059,-0.0052104085,0.31833866
2007-06-09 15:30:00,0.3929333333333333,0.39507577,-0.00214243489901228,-0.006848099,0.38822767
2007-06-09 15:45:00,0.5145333333333333,0.37544867,0.13908465936978653,-0.007509705,0.36793897
2007-06-09 16:00:00,0.4463999999999999,0.51112074,-0.0647207365989686,0.018264025,0.52938473
2007-06-09 16:15:00,1.126,0.48050523,0.6454947719573974,-0.012930107,0.46757513
2007-06-09 16:30:00,0.6465333333333334,0.7151607,-0.06862739416758212,0.09319991,0.80836064
2007-06-09 16:45:00,0.5170666666666667,0.55029786,-0.03323118966420491,0.028384283,0.5786821
2007-06-09 17:00:00,0.5993333333333334,0.5225656,0.0767677300771078,-0.0010123326,0.5215533
2007-06-09 17:15:00,0.5489333333333334,0.62840456,-0.07947122437159215,0.0058087674,0.6342133
2007-06-09 17:30:00,0.4830666666666666,0.51430947,-0.031242799218495765,-0.02007809,0.49423137
2007-06-09 17:45:00,0.7707254901960784,0.51582986,0.25489562903198537,-0.036294833,0.47953504
2007-06-09 18:00:00,1.0889411764705883,0.9113015,0.17763968282587395,0.019298539,0.93060005
2007-06-09 18:15:00,1.3871764705882357,1.56005,-0.17287354009291667,0.03206937,1.5921193
2007-06-09 18:30:00,2.187623529411765,1.7497852,0.4378383445515355,-0.03235073,1.7174344
2007-06-09 18:45:00,1.512133333333333,1.9517623,-0.4396289852778119,0.06300448,2.0147667
2007-06-09 19:00:00,1.0392,1.6089474,-0.5697473962783814,-0.06092235,1.548025
2007-06-09 19:15:00,1.2100000000000002,1.5943536,-0.3843535566329954,-0.075894475,1.5184591
2007-06-09 19:30:00,1.2528,1.4190181,-0.1662181493759156,-0.07232619,1.346692
2007-06-09 19:45:00,1.2786666666666666,1.3959479,-0.11728126653035487,-0.064825065,1.3311229
2007-06-09 20:00:00,1.2758666666666667,1.4472172,-0.17135055936177568,-0.057284344,1.3899329
2007-06-09 20:15:00,1.4509333333333332,1.6311041,-0.18017077833811457,-0.057520602,1.5735835
2007-06-09 20:30:00,1.3709333333333331,1.6670499,-0.29611655146280946,-0.057587523,1.6094624
2007-06-09 20:45:00,1.3936,1.5381854,-0.1445853580474854,-0.063375205,1.4748101
2007-06-09 21:00:00,1.4290666666666667,1.4500798,-0.021013132031758586,-0.054427143,1.3956527
2007-06-09 21:15:00,1.3332000000000002,1.3359344,-0.002734400558471517,-0.036661353,1.299273
2007-06-09 21:30:00,1.2801333333333331,1.3183576,-0.038224253527323615,-0.024134453,1.2942232
2007-06-09 21:45:00,1.4074666666666669,1.4090738,-0.0016071629842120405,-0.029134102,1.3799397
2007-06-09 22:00:00,1.4694666666666665,1.5483716,-0.07890488675435403,-0.020520166,1.5278513
2007-06-09 22:15:00,1.3185333333333331,1.3158181,0.0027152619679766676,-0.031604145,1.2842139
2007-06-09 22:30:00,1.3244,1.2607225,0.0636774820327759,-0.02610296,1.2346196
2007-06-09 22:45:00,0.6089333333333333,0.88868695,-0.27975362164179485,-0.0060496307,0.8826373
2007-06-09 23:00:00,1.292,0.5109327,0.7810673160552979,-0.057144858,0.45378783
2007-06-09 23:15:00,0.9110666666666668,0.94467163,-0.0336049641927082,0.091022775,1.0356944
2007-06-09 23:30:00,0.6893333333333334,1.1756908,-0.4863574368158976,0.046735007,1.2224258
2007-06-09 23:45:00,0.5980000000000001,0.6920532,-0.094053198814392,-0.06850658,0.6235466
2007-06-10 00:00:00,0.856,0.545468,0.31053202724456785,-0.042323027,0.5031449
2007-06-10 00:15:00,0.8124,0.6746958,0.13770421018600465,0.03428659,0.70898235
2007-06-10 00:30:00,0.6696000000000001,0.66180176,0.007798244571685875,0.04095755,0.7027593
2007-06-10 00:45:00,0.2318666666666667,0.4814272,-0.2495605260213216,0.02123598,0.5026632
2007-06-10 01:00:00,0.2709333333333333,0.26399064,0.006942692693074515,-0.04885015,0.21514049
2007-06-10 01:15:00,0.3754666666666666,0.38232127,-0.006854601653417003,-0.020947767,0.3613735
2007-06-10 01:30:00,0.2850666666666666,0.396388,-0.11132132762273161,-0.01654965,0.37983835
2007-06-10 01:45:00,0.1890666666666666,0.22581583,-0.036749165948232076,-0.03472252,0.19109331
2007-06-10 02:00:00,0.3190666666666666,0.27615044,0.04291623145739232,-0.029590234,0.2465602
2007-06-10 02:15:00,0.3647999999999999,0.3146245,0.050175511646270654,-0.009593647,0.30503085
2007-06-10 02:30:00,0.2470666666666666,0.2081035,0.038963173810640905,-0.000820577,0.20728292
2007-06-10 02:45:00,0.4014666666666667,0.28473347,0.11673319241205854,0.00036569103,0.28509918
2007-06-10 03:00:00,0.5634666666666667,0.4085263,0.1549403652826945,0.015845843,0.42437214
2007-06-10 03:15:00,0.1801333333333333,0.46832684,-0.2881935034910838,0.032189198,0.50051606
2007-06-10 03:30:00,0.1564,0.21636781,-0.05996781096458434,-0.04100013,0.17536768
2007-06-10 03:45:00,0.2317333333333333,0.2951097,-0.06337635590235396,-0.025995845,0.26911384
2007-06-10 04:00:00,0.2193333333333333,0.30904382,-0.08971049133936568,-0.020454105,0.28858972
2007-06-10 04:15:00,0.1337333333333333,0.1653539,-0.031620560900370326,-0.022850797,0.1425031
2007-06-10 04:30:00,0.2905333333333333,0.3035227,-0.012989372698466006,-0.018259099,0.2852636
2007-06-10 04:45:00,0.3072,0.3100181,-0.002818092393875149,-0.0124672055,0.2975509
2007-06-10 05:00:00,1.2133333333333334,1.2726822,-0.059348856608072875,-0.0070719826,1.2656102
2007-06-10 05:15:00,1.2288,1.3999264,-0.17112642402648937,-0.014886562,1.3850398
2007-06-10 05:30:00,0.5968,0.7787319,-0.18193188257217408,-0.032258004,0.7464739
2007-06-10 05:45:00,0.1817333333333333,0.4854148,-0.3036814696947734,-0.037420917,0.44799387
2007-06-10 06:00:00,0.1609333333333333,0.20289157,-0.04195823997656509,-0.054112773,0.1487788
2007-06-10 06:15:00,0.3014666666666666,0.35835144,-0.056884772570928,-0.024396593,0.33395484
2007-06-10 06:30:00,0.2538666666666666,0.39913774,-0.14527106870015472,-0.01723104,0.3819067
2007-06-10 06:45:00,0.1230666666666666,0.17463152,-0.051564854439099694,-0.02482096,0.14981057
2007-06-10 07:00:00,0.1762666666666666,0.24627839,-0.07001172362168637,-0.012927488,0.2333509
2007-06-10 07:15:00,0.2541333333333333,0.32893568,-0.07480234944025677,-0.01478929,0.3141464
2007-06-10 07:30:00,0.1501333333333333,0.2637671,-0.11363376008669537,-0.014279849,0.24948725
2007-06-10 07:45:00,0.1994666666666666,0.25234208,-0.052875408442815214,-0.037470646,0.21487144
2007-06-10 08:00:00,0.3013333333333333,0.32449454,-0.023161207358042446,-0.015917003,0.30857754
2007-06-10 08:15:00,0.2173333333333333,0.3303189,-0.1129855646292369,-0.01445246,0.31586644
2007-06-10 08:30:00,0.1189333333333333,0.2226137,-0.10368037385145827,-0.02643728,0.19617642
2007-06-10 08:45:00,1.1897333333333333,0.2775763,0.9121570358117421,-0.0243489,0.2532274
2007-06-10 09:00:00,0.4641333333333333,0.64021707,-0.17608373247782394,0.10038492,0.740602
2007-06-10 09:15:00,0.2664,0.3101485,-0.04374850735664365,0.039385065,0.34953356
2007-06-10 09:30:00,0.3064,0.2707709,0.03562909259796143,0.020571541,0.29134244
2007-06-10 09:45:00,0.2928,0.34434348,-0.05154348344802856,0.027609333,0.37195283
2007-06-10 10:00:00,0.5576,0.60170877,-0.044108769798278824,0.012976398,0.6146852
2007-06-10 10:15:00,3.2701333333333333,3.129483,0.14065034879048666,-0.0013452248,3.1281378
2007-06-10 10:30:00,2.852533333333333,2.9891138,-0.1365804743448895,0.024743326,3.0138571
2007-06-10 10:45:00,1.374,1.7247994,-0.35079939460754384,-0.008826913,1.7159724
2007-06-10 11:00:00,1.3038666666666667,1.2206258,0.08324090849558519,-0.045712285,1.1749135
2007-06-10 11:15:00,4.5976,3.8276832,0.7699167896270751,0.0012263883,3.8289096
2007-06-10 11:30:00,1.4446666666666663,2.4509585,-1.0062918237050378,0.11459274,2.5655513
2007-06-10 11:45:00,1.3768,1.3455393,0.0312606685638428,-0.06621809,1.2793212
2007-06-10 12:00:00,1.401333333333333,1.261959,0.13937437661488827,-0.030961918,1.2309971
2007-06-10 12:15:00,1.040266666666667,1.1936716,-0.1534049174626666,0.0086466735,1.2023183
2007-06-10 12:30:00,2.271866666666667,2.5109484,-0.23908175290425593,-0.028985668,2.4819627
2007-06-10 12:45:00,1.691466666666667,2.078203,-0.3867362962086993,-0.04168058,2.0365224
2007-06-10 13:00:00,2.743333333333333,3.1924713,-0.4491379324595135,-0.06554593,3.1269252
2007-06-10 13:15:00,2.1094666666666666,2.5135307,-0.4040640645345053,-0.07141281,2.442118
2007-06-10 13:30:00,2.2402666666666664,2.900801,-0.6605342767079674,-0.07117285,2.829628
2007-06-10 13:45:00,1.8089333333333333,1.6960422,0.11289115327199295,-0.073013805,1.6230284
2007-06-10 14:00:00,2.6882666666666664,1.9824945,0.7057721932093299,-0.044532496,1.9379619
2007-06-10 14:15:00,2.0650666666666666,1.6895736,0.37549302107493077,0.07143362,1.7610073
2007-06-10 14:30:00,2.2292,2.4640508,-0.23485076980590813,0.1158012,2.5798519
2007-06-10 14:45:00,1.6942666666666668,1.7178129,-0.0235462291081745,0.007141039,1.7249539
2007-06-10 15:00:00,1.0985333333333334,0.9909094,0.10762393573125206,-0.014955236,0.9759542
2007-06-10 15:15:00,0.7746666666666667,0.76412225,0.010544418970743874,0.0028025205,0.76692474
2007-06-10 15:30:00,0.75,0.65098315,0.09901684522628784,-0.008626185,0.642357
2007-06-10 15:45:00,0.6552,0.4547201,0.2004798902988434,0.00047840038,0.4551985
2007-06-10 16:00:00,2.3186666666666667,2.2377763,0.08089038721720376,0.019599538,2.2573757
2007-06-10 16:15:00,0.6733333333333333,1.2181355,-0.5448021427790324,0.011920533,1.230056
2007-06-10 16:30:00,0.5016,0.51721716,-0.015617159271240189,-0.07526763,0.44194955
2007-06-10 16:45:00,0.8084000000000001,0.988209,-0.1798090091705321,-0.040369086,0.9478399
2007-06-10 17:00:00,1.2828000000000002,1.340007,-0.05720694751739486,-0.06126617,1.2787408
2007-06-10 17:15:00,1.310533333333333,1.3110048,-0.00047142454783144494,-0.051169604,1.2598351
2007-06-10 17:30:00,1.338,1.3443769,-0.0063769216537474804,-0.034854576,1.3095224
2007-06-10 17:45:00,0.9825333333333334,1.3265752,-0.3440418266932169,-0.033558726,1.2930164
2007-06-10 18:00:00,0.2065333333333333,0.7779026,-0.5713692698160808,-0.068924166,0.7089784
2007-06-10 18:15:00,0.1684,0.28678182,-0.11838181767463685,-0.0807477,0.20603412
2007-06-10 18:30:00,0.1704,0.27155253,-0.10115253291130066,-0.060605086,0.21094745
2007-06-10 18:45:00,0.1790666666666666,0.28141353,-0.10234685867627469,-0.06314695,0.21826658
2007-06-10 19:00:00,0.2,0.298643,-0.09864299297332763,-0.047905084,0.2507379
2007-06-10 19:15:00,0.2934666666666666,0.3480689,-0.05460222628911343,-0.039706744,0.30836216
2007-06-10 19:30:00,1.5229333333333337,1.7192067,-0.19627335745493535,-0.037987307,1.6812193
2007-06-10 19:45:00,0.9044,1.4100975,-0.5056974798202515,-0.05723015,1.3528674
2007-06-10 20:00:00,0.8814666666666666,0.9221954,-0.040728708299001104,-0.075072475,0.8471229
2007-06-10 20:15:00,0.7015999999999999,0.8498373,-0.1482373031616212,-0.05143097,0.79840636
2007-06-10 20:30:00,0.5656,0.8146919,-0.24909190120697022,-0.05342086,0.76127106
2007-06-10 20:45:00,0.4612,0.714482,-0.25328200941085816,-0.05935558,0.65512645
2007-06-10 21:00:00,0.3533333333333333,0.5602151,-0.2068817822138469,-0.061498504,0.49871662
2007-06-10 21:15:00,0.31,0.44727248,-0.13727247953414917,-0.059831724,0.38744074
2007-06-10 21:30:00,0.8656,0.50726324,0.35833675680160526,-0.05401109,0.45325214
2007-06-10 21:45:00,1.8517333333333328,1.0723166,0.779416686757405,0.015634287,1.087951
2007-06-10 22:00:00,2.3800000000000003,1.8659232,0.5140768337249759,0.13055149,1.9964746
2007-06-10 22:15:00,2.2634666666666665,2.1774297,0.08603699061075831,0.1690542,2.346484
2007-06-10 22:30:00,2.111466666666667,2.0060694,0.10539724489847835,0.103534155,2.1096036
2007-06-10 22:45:00,1.6357333333333333,1.724971,-0.08923772265116381,0.054955866,1.7799269
2007-06-10 23:00:00,0.6548,1.1406001,-0.48580008525848384,-0.0023644897,1.1382356
2007-06-10 23:15:00,0.6973333333333332,0.56498563,0.1323477004369099,-0.08088182,0.4841038
2007-06-10 23:30:00,0.9757333333333336,0.6076935,0.3680398399670921,-0.024958752,0.58273476
2007-06-10 23:45:00,0.6756,0.6642718,0.011328228092193582,0.053833548,0.7181053
2007-06-11 00:00:00,0.5354666666666666,0.53927815,-0.003811482938130717,0.026545107,0.56582326
2007-06-11 00:15:00,0.4430666666666666,0.5059809,-0.06291424220403041,-0.00030130497,0.5056796
2007-06-11 00:30:00,0.3263999999999999,0.37558943,-0.049189430332183925,-0.024211507,0.35137793
2007-06-11 00:45:00,0.2782666666666666,0.26357055,0.01469611956278477,-0.027845087,0.23572546
2007-06-11 01:00:00,0.3369333333333333,0.32113203,0.015801299269994074,-0.021283725,0.29984832
2007-06-11 01:15:00,0.222,0.26787367,-0.04587367463111877,-0.016605226,0.25126845
2007-06-11 01:30:00,0.162,0.17763843,-0.01563842642307281,-0.024329077,0.15330935
2007-06-11 01:45:00,0.2382666666666666,0.23597386,0.002292801872889133,-0.019832464,0.2161414
2007-06-11 02:00:00,0.3053333333333333,0.28354323,0.02179010423024491,-0.014158291,0.26938495
2007-06-11 02:15:00,0.2105333333333333,0.20575483,0.004778501900037091,-0.0067160097,0.19903882
2007-06-11 02:30:00,0.1948,0.18367834,0.011121656107902528,-0.005728089,0.17795025
2007-06-11 02:45:00,0.1926666666666666,0.17794123,0.014725433746973604,-0.0029690922,0.17497215
2007-06-11 03:00:00,0.2249333333333333,0.22123632,0.003697014983495034,-0.00022463361,0.22101168
2007-06-11 03:15:00,0.196,0.19951695,-0.0035169520378112717,0.00065885094,0.2001758
2007-06-11 03:30:00,0.21,0.18378398,0.026216021776199333,-0.001156167,0.18262781
2007-06-11 03:45:00,0.2982666666666667,0.27006218,0.028204488293329888,0.0059731347,0.2760353
2007-06-11 04:00:00,0.2374666666666666,0.23810913,-0.000642460020383262,0.010397405,0.24850653
2007-06-11 04:15:00,0.1437333333333333,0.12933326,0.014400075658162398,0.006558048,0.1358913
2007-06-11 04:30:00,0.1749333333333333,0.14441137,0.030521963175137806,0.00772279,0.15213417
2007-06-11 04:45:00,0.2785333333333333,0.27064225,0.007891082557042406,0.010560469,0.28120273
2007-06-11 05:00:00,0.1667999999999999,0.19399114,-0.027191139531135666,0.007080137,0.20107128
2007-06-11 05:15:00,0.2118666666666666,0.22512561,-0.013258944161733066,-0.0010977355,0.22402787
2007-06-11 05:30:00,0.3094666666666666,0.321617,-0.012150340588887587,-0.00070509023,0.3209119
2007-06-11 05:45:00,0.2347999999999999,0.25647324,-0.02167324323654185,0.0016467869,0.25812003
2007-06-11 06:00:00,0.126,0.18560636,-0.05960636043548584,0.0017023913,0.18730876
2007-06-11 06:15:00,0.6004,0.5430275,0.05737247982025151,-0.0046585146,0.538369
2007-06-11 06:30:00,1.4545333333333332,1.6953766,-0.2408433012644451,0.01152555,1.7069021
2007-06-11 06:45:00,2.2228,1.7341362,0.4886637762069701,-0.02653941,1.7075968
2007-06-11 07:00:00,1.6401333333333334,1.7729484,-0.1328150509516397,0.06570632,1.8386548
2007-06-11 07:15:00,1.5513333333333332,1.6428888,-0.0915554510752361,0.0149080185,1.6577969
2007-06-11 07:30:00,1.7905333333333333,1.7944746,-0.003941268412272159,-0.004747031,1.7897276
2007-06-11 07:45:00,1.448,1.8412112,-0.39321119976043706,0.003207535,1.8444188
2007-06-11 08:00:00,1.4841333333333333,1.289266,0.19486734307607012,-0.049664136,1.2396019
2007-06-11 08:15:00,1.5617333333333334,1.4427875,0.11894580529530852,0.012071386,1.4548589
2007-06-11 08:30:00,1.5541333333333334,1.4891703,0.06496302045186364,0.031910338,1.5210806
2007-06-11 08:45:00,1.4773333333333334,1.4033846,0.07394876702626552,0.033033215,1.4364178
2007-06-11 09:00:00,1.1948,1.3236272,-0.12882723350524894,0.023361063,1.3469883
2007-06-11 09:15:00,1.2724,1.3696535,-0.09725346336364749,-0.0139615415,1.3556919
2007-06-11 09:30:00,1.224,1.2861583,-0.06215832328796389,-0.020035958,1.2661223
2007-06-11 09:45:00,1.1524,1.2417796,-0.08937956581115714,-0.017151933,1.2246276
2007-06-11 10:00:00,1.2456,1.2943183,-0.048718318367004354,-0.01913578,1.2751825
2007-06-11 10:15:00,1.3669333333333331,1.5340807,-0.16714741045633974,-0.01628886,1.5177919
2007-06-11 10:30:00,1.2253333333333332,1.2993249,-0.07399153677622494,-0.030809728,1.2685151
2007-06-11 10:45:00,0.7593333333333333,0.9223578,-0.16302446428934736,-0.02016711,0.9021907
2007-06-11 11:00:00,0.2764,0.579065,-0.3026650248527527,-0.027148155,0.5519169
2007-06-11 11:15:00,0.176,0.27759194,-0.10159194374084474,-0.041313186,0.23627876
2007-06-11 11:30:00,0.112,0.16885465,-0.05685465383529663,-0.035058342,0.1337963
2007-06-11 11:45:00,0.2301333333333333,0.2805864,-0.05045305835405989,-0.016371453,0.26421493
2007-06-11 12:00:00,0.3406666666666666,0.42860308,-0.08793641622861231,-0.018470991,0.41013208
2007-06-11 12:15:00,0.1505333333333333,0.2630063,-0.1124729664007823,-0.023812195,0.23919411
2007-06-11 12:30:00,0.1377333333333333,0.19093302,-0.053199685589472495,-0.02426283,0.16667019
2007-06-11 12:45:00,0.2689333333333333,0.31595716,-0.04702382547060652,-0.015844336,0.3001128
2007-06-11 13:00:00,0.1791999999999999,0.27998793,-0.10078793125152599,-0.011142572,0.26884535
2007-06-11 13:15:00,0.1186666666666666,0.15602192,-0.03735525616010037,-0.015396053,0.14062586
2007-06-11 13:30:00,0.2542666666666667,0.3121177,-0.05785102914174395,-0.008176931,0.30394077
2007-06-11 13:45:00,0.2976,0.34765092,-0.05005091538429263,-0.004396593,0.34325433
2007-06-11 14:00:00,0.1572,0.28628275,-0.1290827479839325,-0.011759165,0.2745236
2007-06-11 14:15:00,0.1798666666666666,0.25802678,-0.07816011203130094,-0.031480454,0.22654632
2007-06-11 14:30:00,0.1896,0.28359705,-0.09399705209732057,-0.027860308,0.25573674
2007-06-11 14:45:00,0.2081333333333333,0.3046093,-0.09647596537272138,-0.028486174,0.27612314
2007-06-11 15:00:00,0.1693333333333333,0.2405035,-0.07117017153898877,-0.030295745,0.21020776
2007-06-11 15:15:00,0.2065333333333333,0.27265093,-0.06611759397188827,-0.030970959,0.24167997
2007-06-11 15:30:00,0.2855999999999999,0.3466018,-0.06100181403160104,-0.030386189,0.31621563
2007-06-11 15:45:00,0.2178666666666666,0.31748837,-0.09962170565923062,-0.030695518,0.28679284
2007-06-11 16:00:00,0.1610666666666666,0.2852018,-0.12413512128194179,-0.035109717,0.25009206
2007-06-11 16:15:00,0.1505333333333333,0.21435916,-0.06382583090464278,-0.039469734,0.17488943
2007-06-11 16:30:00,0.2390666666666666,0.32592538,-0.08685871332486478,-0.032496497,0.2934289
2007-06-11 16:45:00,0.2098666666666666,0.3158822,-0.10601553929646818,-0.03667789,0.2792043
2007-06-11 17:00:00,0.2013333333333333,0.2741209,-0.07278756372133893,-0.038094193,0.2360267
2007-06-11 17:15:00,0.2339999999999999,0.29938987,-0.06538986897468577,-0.03664311,0.26274675
2007-06-11 17:30:00,0.2690666666666666,0.35452363,-0.0854569622834524,-0.035563935,0.31895968
2007-06-11 17:45:00,0.172,0.23477565,-0.062775647521019,-0.038717482,0.19605817
2007-06-11 18:00:00,0.1750666666666666,0.1761175,-0.0010508280356725797,-0.035592765,0.14052473
2007-06-11 18:15:00,0.3148,0.3249289,-0.010128909540176367,-0.025108473,0.29982042
2007-06-11 18:30:00,0.3121333333333334,0.39764512,-0.08551178251902258,-0.023740726,0.37390438
2007-06-11 18:45:00,0.2566666666666666,0.314178,-0.0575113232930502,-0.03383939,0.2803386
2007-06-11 19:00:00,0.2441333333333333,0.34411782,-0.09998448692957562,-0.03335027,0.31076756
2007-06-11 19:15:00,1.2218666666666669,1.3687803,-0.1469135886510211,-0.038240135,1.3305402
2007-06-11 19:30:00,1.2089333333333334,1.4734799,-0.26454653364817293,-0.04660323,1.4268767
2007-06-11 19:45:00,0.8566666666666667,1.0927917,-0.23612500985463458,-0.060811434,1.0319803
2007-06-11 20:00:00,0.2310666666666666,0.7442517,-0.5131850613911948,-0.058679473,0.68557227
2007-06-11 20:15:00,0.3129333333333333,0.43033326,-0.1173999233881633,-0.07158192,0.35875133
2007-06-11 20:30:00,0.1973333333333333,0.3082823,-0.11094895259539289,-0.052056707,0.2562256
2007-06-11 20:45:00,0.1301333333333333,0.22296882,-0.09283548342386885,-0.049629975,0.17333885
2007-06-11 21:00:00,0.6082666666666666,0.39413354,0.21413312865893042,-0.04423158,0.34990197
2007-06-11 21:15:00,1.1614666666666666,0.6578832,0.5035834397951762,0.004052174,0.6619354
2007-06-11 21:30:00,0.7668,0.8198677,-0.05306767053604122,0.08531138,0.905179
2007-06-11 21:45:00,1.2220000000000002,0.82217044,0.3998295636177065,0.027259892,0.8494303
2007-06-11 22:00:00,1.004,1.592859,-0.5888590297698975,0.06550123,1.6583602
2007-06-11 22:15:00,0.6974666666666667,0.876913,-0.17944634440739948,-0.07638413,0.8005289
2007-06-11 22:30:00,0.6141333333333333,0.64104617,-0.0269128330866496,-0.05850739,0.5825388
2007-06-11 22:45:00,0.7676000000000001,0.7510079,0.016592085456848205,-0.042039033,0.7089689
2007-06-11 23:00:00,0.678,0.8000082,-0.12200817775726314,-0.024249906,0.77575827
2007-06-11 23:15:00,0.8422666666666667,0.5800886,0.26217805124918625,-0.040589727,0.53949887
2007-06-11 23:30:00,0.4156,0.74809694,-0.3324969429016113,0.018049262,0.7661462
2007-06-11 23:45:00,0.46,0.55643886,-0.09643886327743528,-0.061853997,0.49458486
2007-06-12 00:00:00,1.0856,1.1696367,-0.08403672637939463,-0.04482808,1.1248087
2007-06-12 00:15:00,1.2624,1.3705637,-0.10816374549865726,-0.042155694,1.328408
2007-06-12 00:30:00,1.2422666666666666,1.2500826,-0.007815945370992061,-0.040522195,1.2095604
2007-06-12 00:45:00,0.2438666666666667,0.71369094,-0.4698242698987325,-0.030643312,0.68304765
2007-06-12 01:00:00,0.1124,0.14346378,-0.031063775515556336,-0.07549902,0.067964755
2007-06-12 01:15:00,0.1665333333333333,0.14296716,0.023566168816884336,-0.040369105,0.102598056
2007-06-12 01:30:00,0.3193333333333333,0.3681221,-0.04878876749674482,-0.021598445,0.34652364
2007-06-12 01:45:00,0.1872,0.2265059,-0.03930590538978576,-0.02339831,0.2031076
2007-06-12 02:00:00,0.0977333333333333,0.13417104,-0.036437705532709794,-0.02250358,0.111667454
2007-06-12 02:15:00,0.1812,0.19745454,-0.0162545419216156,-0.02249562,0.17495891
2007-06-12 02:30:00,0.2026666666666666,0.21269664,-0.010029975016911885,-0.017950164,0.19474648
2007-06-12 02:45:00,0.1422666666666666,0.15662035,-0.014353686793645293,-0.016280498,0.14033985
2007-06-12 03:00:00,0.238,0.24352846,-0.005528455495834361,-0.015693206,0.22783525
2007-06-12 03:15:00,0.222,0.2463633,-0.024363297104835507,-0.012341115,0.23402219
2007-06-12 03:30:00,0.1990666666666666,0.21717732,-0.018110649879773538,-0.013666042,0.20351127
2007-06-12 03:45:00,0.1588,0.1877373,-0.028937300992012027,-0.013128844,0.17460845
2007-06-12 04:00:00,0.1241333333333333,0.14295396,-0.01882062875429792,-0.01567208,0.12728187
2007-06-12 04:15:00,0.1862666666666666,0.20751683,-0.021250167473157305,-0.014371014,0.19314583
2007-06-12 04:30:00,0.2204,0.24771312,-0.027313118791580188,-0.015373552,0.23233956
2007-06-12 04:45:00,0.2230666666666666,0.24737874,-0.02431207006772365,-0.01595632,0.23142242
2007-06-12 05:00:00,0.154,0.20589063,-0.05189062571525574,-0.015090793,0.19079983
2007-06-12 05:15:00,0.2202666666666667,0.2658931,-0.04562643502553301,-0.018191244,0.24770185
2007-06-12 05:30:00,0.1928,0.22782591,-0.03502590985298157,-0.017423993,0.21040192
2007-06-12 05:45:00,0.1006666666666666,0.14231558,-0.041648914774259,-0.015153764,0.12716182
2007-06-12 06:00:00,0.1565333333333333,0.22602718,-0.06949384245077772,-0.015169689,0.21085748
2007-06-12 06:15:00,0.3058666666666667,0.39931384,-0.0934471706231435,-0.019024855,0.380289
2007-06-12 06:30:00,0.1932,0.3202774,-0.12707739286422728,-0.023519132,0.29675826
2007-06-12 06:45:00,0.9910666666666668,0.23001534,0.7610513291994732,-0.025736114,0.20427923
2007-06-12 07:00:00,0.3765333333333333,0.78057903,-0.40404569718043015,0.08032899,0.86090803
2007-06-12 07:15:00,0.3526666666666667,0.37422612,-0.021559456427892032,-0.021506999,0.35271913
2007-06-12 07:30:00,0.2394666666666666,0.26535198,-0.025885314257939718,-0.00597865,0.25937334
2007-06-12 07:45:00,0.3625333333333333,0.3991591,-0.03662577029863995,-0.00017259235,0.39898652
2007-06-12 08:00:00,0.5065333333333334,0.42832205,0.07821128633817043,-0.0012919297,0.42703012
2007-06-12 08:15:00,0.3712,0.4970008,-0.12580081348419192,0.01379212,0.5107929
2007-06-12 08:30:00,0.3285333333333333,0.26670757,0.061825763972600256,-0.017101636,0.24960594
2007-06-12 08:45:00,0.5153333333333333,0.45261234,0.06272099288304644,0.0043792985,0.45699164
2007-06-12 09:00:00,0.3903999999999999,0.44400844,-0.0536084397792817,0.013289742,0.4572982
2007-06-12 09:15:00,0.3390666666666667,0.20983467,0.12923200160662335,-0.0022052731,0.2076294
2007-06-12 09:30:00,0.4853333333333333,0.33585873,0.14947460087140396,0.02288687,0.3587456
2007-06-12 09:45:00,0.5330666666666667,0.6859652,-0.152898513730367,0.04050177,0.72646695
2007-06-12 10:00:00,0.58,0.5628995,0.017100529670715292,-0.004304987,0.55859447
2007-06-12 10:15:00,1.3370666666666666,1.4212638,-0.08419714730580652,0.0047435216,1.4260074
2007-06-12 10:30:00,1.4549333333333332,1.4002334,0.05469994538625067,-0.0072722384,1.3929611
2007-06-12 10:45:00,1.1508,1.3555372,-0.2047371761322021,0.009866356,1.3654035
2007-06-12 11:00:00,0.3397333333333333,0.552836,-0.21310266758600876,-0.02356266,0.52927333
2007-06-12 11:15:00,0.4170666666666667,0.3080248,0.10904187280337019,-0.030885762,0.27713904
2007-06-12 11:30:00,0.4977333333333333,0.4452896,0.052443721516927055,0.0028590825,0.4481487
2007-06-12 11:45:00,0.33,0.4029273,-0.07292730927467345,0.011146828,0.41407412
2007-06-12 12:00:00,0.8201333333333333,0.22412819,0.596005146630605,-0.0031500142,0.22097817
2007-06-12 12:15:00,0.4249333333333333,0.6707444,-0.24581108576456712,0.09108095,0.7618254
2007-06-12 12:30:00,0.3186666666666667,0.42328894,-0.10462227471669511,0.0075218864,0.43081084
2007-06-12 12:45:00,0.2081333333333333,0.33264637,-0.12451303660074872,-0.007915546,0.3247308
2007-06-12 13:00:00,0.2117333333333333,0.34467915,-0.13294581367174788,-0.019620016,0.32505912
2007-06-12 13:15:00,0.2481333333333333,0.38252214,-0.1343888026396434,-0.02371025,0.3588119
2007-06-12 13:30:00,0.1565333333333333,0.28004348,-0.12351014944712324,-0.032968555,0.24707493
2007-06-12 13:45:00,0.1324,0.18310677,-0.050706765151023875,-0.030613596,0.15249316
2007-06-12 14:00:00,0.2089333333333333,0.32672313,-0.1177897952238719,-0.021719275,0.30500385
2007-06-12 14:15:00,0.2558666666666666,0.32278675,-0.06692008174260466,-0.02468471,0.29810205
2007-06-12 14:30:00,0.2002666666666666,0.3062068,-0.10594012592633573,-0.019400746,0.28680605
2007-06-12 14:45:00,0.1944,0.2879146,-0.09351460394859315,-0.021654893,0.2662597
2007-06-12 15:00:00,0.2013333333333333,0.24693942,-0.045606087366739934,-0.020045584,0.22689384
2007-06-12 15:15:00,0.1791999999999999,0.22901227,-0.04981226580142986,-0.016093435,0.21291883
2007-06-12 15:30:00,0.1744,0.2551035,-0.08070349869728088,-0.014894934,0.24020857
2007-06-12 15:45:00,0.32,0.43294245,-0.1129424500465393,-0.01889999,0.41404247
2007-06-12 16:00:00,1.3549333333333335,1.5314734,-0.17654006487528462,-0.023123907,1.5083495
2007-06-12 16:15:00,1.2633333333333332,1.2929518,-0.029618488947550592,-0.031662814,1.261289
2007-06-12 16:30:00,0.8037333333333333,0.84764284,-0.04390950562159224,-0.019772483,0.82787037
2007-06-12 16:45:00,0.1828,0.57452995,-0.39172994585037235,-0.01929434,0.5552356
2007-06-12 17:00:00,0.2032,0.27987584,-0.07667584471702577,-0.051918622,0.22795722
2007-06-12 17:15:00,0.1876,0.24329741,-0.055697412991523754,-0.032552544,0.21074487
2007-06-12 17:30:00,0.3305333333333333,0.36782837,-0.03729503580729171,-0.029257236,0.33857113
2007-06-12 17:45:00,0.5718666666666666,0.97070706,-0.39884039223988854,-0.023305625,0.9474014
2007-06-12 18:00:00,0.5650666666666667,0.8107685,-0.24570181840260819,-0.0596213,0.7511472
2007-06-12 18:15:00,2.016933333333333,2.2549229,-0.23798953348795626,-0.05253644,2.2023864
2007-06-12 18:30:00,2.571733333333333,2.8750865,-0.3033532126108809,-0.05404044,2.821046
2007-06-12 18:45:00,3.155466666666667,3.2255776,-0.07011092618306458,-0.0589024,3.166675
2007-06-12 19:00:00,3.2898666666666667,3.503131,-0.213264246114095,-0.04637565,3.4567552
2007-06-12 19:15:00,1.951466666666667,2.0937192,-0.142252577336629,-0.056078326,2.0376408
2007-06-12 19:30:00,1.4794666666666667,1.7337867,-0.2543200354894002,-0.05046556,1.6833211
2007-06-12 19:45:00,0.7413333333333334,1.2217727,-0.4804393374125162,-0.058394518,1.1633781
2007-06-12 20:00:00,0.5650666666666667,0.6893355,-0.12426885836919144,-0.06501659,0.62431896
2007-06-12 20:15:00,0.7228,0.55142206,0.17137794046401977,-0.04523262,0.50618947
2007-06-12 20:30:00,0.4662666666666667,0.6895664,-0.22329970715840652,-0.01052702,0.67903936
2007-06-12 20:45:00,0.4884,0.50563323,-0.017233234977722167,-0.049521793,0.45611143
2007-06-12 21:00:00,1.1341333333333334,1.1772497,-0.043116336695353086,-0.030679656,1.14657
2007-06-12 21:15:00,2.170933333333333,1.7181884,0.4527449282964069,-0.031453643,1.6867348
2007-06-12 21:30:00,2.280266666666667,1.9486357,0.33163096930185976,0.048020996,1.9966567
2007-06-12 21:45:00,1.639066666666667,1.6892228,-0.050156145985921,0.085862026,1.7750849
2007-06-12 22:00:00,1.062,1.3270909,-0.2650908594131469,0.012843651,1.3399345
2007-06-12 22:15:00,1.3099999999999998,1.2312605,0.07873946189880354,-0.042168893,1.1890917
2007-06-12 22:30:00,0.9833333333333332,1.4812725,-0.4979391256968182,-0.003451732,1.4778208
2007-06-12 22:45:00,0.7794666666666666,0.91091734,-0.13145067504247032,-0.07444507,0.8364723
2007-06-12 23:00:00,0.8562666666666667,0.8352935,0.020973194853464827,-0.05534768,0.7799458
2007-06-12 23:15:00,0.8865333333333333,0.9370013,-0.05046795460383102,-0.03114354,0.90585774
2007-06-12 23:30:00,0.6702666666666667,0.7999654,-0.12969871495564778,-0.03442757,0.7655378
2007-06-12 23:45:00,0.2742666666666666,0.62143624,-0.3471695716222128,-0.041136798,0.58029944
2007-06-13 00:00:00,0.2855999999999999,0.38484117,-0.0992411738872529,-0.06932433,0.31551683
2007-06-13 00:15:00,0.2231999999999999,0.342037,-0.11883699231147776,-0.046452995,0.295584
2007-06-13 00:30:00,0.1586666666666666,0.2650919,-0.10642522939046231,-0.04790243,0.21718946
2007-06-13 00:45:00,0.1821333333333333,0.2162284,-0.0340950623671214,-0.04723825,0.16899015
2007-06-13 01:00:00,0.2111999999999999,0.2438676,-0.032667605924606435,-0.030271968,0.21359564
2007-06-13 01:15:00,0.7688,0.8351703,-0.06637032861709591,-0.02650751,0.80866283
2007-06-13 01:30:00,1.2696,1.3446149,-0.07501486339569086,-0.030483095,1.3141317
2007-06-13 01:45:00,0.9402666666666668,1.0852714,-0.14500469182332343,-0.03329282,1.0519786
2007-06-13 02:00:00,0.236,0.5632638,-0.32726377391815187,-0.0453809,0.5178829
2007-06-13 02:15:00,0.1713333333333333,0.20650329,-0.035169953624407474,-0.06366667,0.14283662
2007-06-13 02:30:00,0.1157333333333333,0.14623061,-0.030497274891535475,-0.037872314,0.108358294
2007-06-13 02:45:00,0.2441333333333333,0.2804701,-0.03633676969210309,-0.030392842,0.25007725
2007-06-13 03:00:00,0.2193333333333333,0.27497718,-0.055643844048182206,-0.027145045,0.24783213
2007-06-13 03:15:00,0.1986666666666666,0.22016884,-0.02150217719872799,-0.028899362,0.19126949
2007-06-13 03:30:00,0.2352,0.25490344,-0.019703435707092293,-0.023712393,0.23119104
2007-06-13 03:45:00,0.2728,0.32371512,-0.05091512055397035,-0.021608591,0.30210653
2007-06-13 04:00:00,0.116,0.14363913,-0.02763913238048553,-0.026334153,0.11730498
2007-06-13 04:15:00,0.1330666666666666,0.13792954,-0.00486287718613948,-0.025757596,0.11217195
2007-06-13 04:30:00,0.2625333333333333,0.29514155,-0.03260821458498642,-0.022544716,0.27259684
2007-06-13 04:45:00,0.2029333333333333,0.23241305,-0.029479720179239943,-0.025036545,0.20737651
2007-06-13 05:00:00,0.2204,0.24714923,-0.026749229049682605,-0.025428168,0.22172105
2007-06-13 05:15:00,0.2074666666666666,0.24046822,-0.033001552255948446,-0.02407394,0.21639428
2007-06-13 05:30:00,0.2142666666666666,0.25915432,-0.04488765309651699,-0.023233345,0.23592098
2007-06-13 05:45:00,0.1631999999999999,0.19973154,-0.03653154366016398,-0.024743363,0.17498818
2007-06-13 06:00:00,0.1434666666666667,0.22195856,-0.07849189606507617,-0.023376089,0.19858247
2007-06-13 06:15:00,0.1910666666666666,0.26893142,-0.07786475199063625,-0.027701605,0.24122982
2007-06-13 06:30:00,0.6629333333333333,0.54092103,0.12201230090459181,-0.026932193,0.51398885
2007-06-13 06:45:00,0.4349333333333333,0.97501075,-0.5400774193445842,0.0010753121,0.9760861
2007-06-13 07:00:00,0.8778666666666666,0.6817261,0.19614056860605866,-0.052578937,0.6291472
2007-06-13 07:15:00,1.6800000000000002,1.7519639,-0.07196385383605941,0.0035137734,1.7554777
2007-06-13 07:30:00,1.3274666666666666,1.7611446,-0.43367797139485686,-0.013329131,1.7478155
2007-06-13 07:45:00,1.3321333333333334,1.462318,-0.13018461023966466,-0.050498806,1.4118191
2007-06-13 08:00:00,1.7686666666666668,1.2942145,0.47445217959086117,-0.036717158,1.2574973
2007-06-13 08:15:00,1.4154666666666669,1.8265226,-0.4110559220631915,0.045150563,1.8716731
2007-06-13 08:30:00,1.3156,1.3310344,-0.015434421920776265,-0.039653417,1.291381
2007-06-13 08:45:00,1.1978666666666666,1.263082,-0.0652153607686361,-0.021340035,1.241742
2007-06-13 09:00:00,1.3168000000000002,1.3959568,-0.07915675468444805,-0.02152652,1.3744302
2007-06-13 09:15:00,1.2286666666666666,1.2327816,-0.004114981969197684,-0.022534305,1.2102474
2007-06-13 09:30:00,0.2870666666666667,0.5097567,-0.222690017636617,-0.0217588,0.4879979
2007-06-13 09:45:00,0.2478666666666666,0.31734076,-0.06947409475644437,-0.04300812,0.27433264
2007-06-13 10:00:00,0.3147999999999999,0.44472945,-0.12992944736480722,-0.029685471,0.41504398
2007-06-13 10:15:00,0.1221333333333333,0.2209099,-0.09877656017939253,-0.03373791,0.18717198
2007-06-13 10:30:00,0.1725333333333333,0.22929294,-0.056759610740343774,-0.028867392,0.20042555
2007-06-13 10:45:00,0.3228,0.3630676,-0.040267597150802636,-0.026492499,0.3365751
2007-06-13 11:00:00,0.3310666666666667,0.3505049,-0.01943823831876118,-0.019912453,0.33059245
2007-06-13 11:15:00,0.5606666666666666,0.7855197,-0.22485305245717369,-0.014366681,0.77115303
2007-06-13 11:30:00,0.2677333333333333,0.51889086,-0.2511575243631999,-0.03381898,0.48507187
2007-06-13 11:45:00,0.3154666666666667,0.39393154,-0.07846487119992573,-0.037585594,0.35634595
2007-06-13 12:00:00,0.2182666666666666,0.32258534,-0.10431867764790859,-0.0256182,0.29696715
2007-06-13 12:15:00,0.8160000000000001,0.8421372,-0.026137217521667422,-0.03304738,0.80908984
2007-06-13 12:30:00,0.2592,0.519479,-0.260278976726532,-0.020955844,0.49852315
2007-06-13 12:45:00,0.5530666666666666,0.5020783,0.050988371912638275,-0.03779216,0.46428615
2007-06-13 13:00:00,0.2759999999999999,0.47650987,-0.20050986909866342,-0.012030882,0.464479
2007-06-13 13:15:00,0.5884,0.3767454,0.21165459718704227,-0.029554876,0.34719053
2007-06-13 13:30:00,0.3802666666666667,0.5413181,-0.1610514519055684,0.013205116,0.5545232
2007-06-13 13:45:00,0.2256,0.3494391,-0.1238391143321991,-0.017911661,0.33152744
2007-06-13 14:00:00,1.302266666666667,1.3930978,-0.09083109162648495,-0.019684622,1.3734131
2007-06-13 14:15:00,2.5836,2.6383684,-0.05476836814880359,-0.019915681,2.6184528
2007-06-13 14:30:00,1.1292,1.2897681,-0.1605680997848511,-0.013713674,1.2760544
2007-06-13 14:45:00,0.3304,0.6154066,-0.2850065728187561,-0.026259253,0.5891473
2007-06-13 15:00:00,0.2965333333333333,0.32615125,-0.0296179184595744,-0.038074143,0.28807712
2007-06-13 15:15:00,0.2617333333333333,0.24815369,0.013579646809895818,-0.019807857,0.22834583
2007-06-13 15:30:00,1.3774666666666666,1.334262,0.04320465323130285,-0.01200489,1.3222572
2007-06-13 15:45:00,0.7945333333333333,0.9243727,-0.12983933970133466,-0.0025999243,0.9217728
2007-06-13 16:00:00,0.1789333333333333,0.59588975,-0.41695641380945847,-0.02221842,0.57367134
2007-06-13 16:15:00,0.2961333333333333,0.3428217,-0.046688354126612375,-0.046655368,0.29616633
2007-06-13 16:30:00,0.3554666666666666,0.43648252,-0.0810158522446951,-0.025202814,0.4112797
2007-06-13 16:45:00,0.1898666666666666,0.3006276,-0.11076092255910244,-0.02745974,0.27316785
2007-06-13 17:00:00,0.1427999999999999,0.21165973,-0.06885972948074351,-0.029780345,0.18187939
2007-06-13 17:15:00,0.1974666666666666,0.2563307,-0.058864032061894805,-0.029248474,0.22708222
2007-06-13 17:30:00,0.1656,0.22613305,-0.06053304853439331,-0.024925124,0.20120792
2007-06-13 17:45:00,0.1665333333333333,0.2448503,-0.07831695946852368,-0.023943743,0.22090656
2007-06-13 18:00:00,0.2317333333333333,0.31995225,-0.08821891619364425,-0.024179438,0.29577282
2007-06-13 18:15:00,0.3917333333333334,0.40766367,-0.01593033982912695,-0.026522709,0.38114098
2007-06-13 18:30:00,0.7327999999999999,0.42422897,0.3085710337638854,-0.01659009,0.40763888
2007-06-13 18:45:00,0.7072,0.61578166,0.09141833515167241,0.036533285,0.65231496
2007-06-13 19:00:00,0.8583999999999999,0.8045355,0.05386449184417719,0.033473525,0.83800906
2007-06-13 19:15:00,0.898,1.0079676,-0.10996759128570555,0.026310423,1.034278
2007-06-13 19:30:00,0.9618666666666668,0.81625414,0.14561252772013356,-0.011910988,0.80434316
2007-06-13 19:45:00,1.7913333333333334,0.97752696,0.8138063705762228,0.025153106,1.0026801
2007-06-13 20:00:00,1.9766666666666663,2.111444,-0.134777329762777,0.1399145,2.2513585
2007-06-13 20:15:00,1.5364,1.7444704,-0.20807035789489747,0.06301558,1.8074859
2007-06-13 20:30:00,1.4002666666666668,1.1660348,0.2342318489710491,-0.014006391,1.1520284
2007-06-13 20:45:00,0.7125333333333334,0.82922125,-0.11668791529337563,0.04060828,0.86982954
2007-06-13 21:00:00,1.0162666666666669,0.7427448,0.27352186323801697,-0.0045117675,0.73823303
2007-06-13 21:15:00,1.6162666666666667,1.1153187,0.5009480106989543,0.043313567,1.1586323
2007-06-13 21:30:00,1.1142666666666663,1.2190529,-0.10478624413808224,0.12383892,1.3428918
2007-06-13 21:45:00,1.0189333333333337,0.9481748,0.07075855868657466,0.03717323,0.985348
2007-06-13 22:00:00,0.9872,0.9267775,0.06042251796722409,0.02958133,0.9563588
2007-06-13 22:15:00,1.3126666666666664,1.4035338,-0.09086714967091902,0.023541663,1.4270755
2007-06-13 22:30:00,1.3084,1.3907832,-0.08238319072723388,-0.007815266,1.382968
2007-06-13 22:45:00,1.4944,1.6393057,-0.14490571079254155,-0.03014514,1.6091605
2007-06-13 23:00:00,1.0472,1.5802491,-0.5330490711212159,-0.040004052,1.540245
2007-06-13 23:15:00,0.174,0.77799404,-0.6039940366744996,-0.0692639,0.70873016
2007-06-13 23:30:00,0.1574666666666666,0.22098869,-0.06352202418645231,-0.07014259,0.1508461
2007-06-13 23:45:00,0.1992,0.21748306,-0.018283058571815503,-0.04726871,0.17021435
2007-06-14 00:00:00,0.1244,0.15388238,-0.029482384300231937,-0.037149142,0.11673324
2007-06-14 00:15:00,0.2014666666666666,0.22255214,-0.021085468920071987,-0.021435505,0.20111664
2007-06-14 00:30:00,0.2812,0.299749,-0.018548986959457392,-0.006659053,0.29308993
2007-06-14 00:45:00,0.1938666666666666,0.22929338,-0.03542670954068508,-0.004683947,0.22460943
2007-06-14 01:00:00,0.1490666666666666,0.15324995,-0.004183282550176054,-0.0105177965,0.14273216
2007-06-14 01:15:00,0.1581333333333333,0.20160885,-0.04347551821867629,-0.010642274,0.19096658
2007-06-14 01:30:00,0.2044,0.24428925,-0.03988924918174744,-0.019635418,0.22465383
2007-06-14 01:45:00,0.166,0.20844561,-0.042445608615875235,-0.02349993,0.18494567
2007-06-14 02:00:00,0.2350666666666666,0.24253272,-0.007466048534711278,-0.025955958,0.21657676
2007-06-14 02:15:00,0.2754666666666666,0.23656018,0.03890648588339479,-0.017144175,0.219416
2007-06-14 02:30:00,0.1988,0.22902876,-0.030228761386871333,-0.010545166,0.2184836
2007-06-14 02:45:00,0.1785333333333333,0.20489818,-0.026364845244089802,-0.019434078,0.1854641
2007-06-14 03:00:00,0.1148,0.14324255,-0.028442552876472474,-0.02164737,0.12159518
2007-06-14 03:15:00,0.1845333333333333,0.20874916,-0.024215826837221816,-0.023955049,0.18479411
2007-06-14 03:30:00,0.2397333333333333,0.26257434,-0.022841011540095046,-0.02364144,0.23893291
2007-06-14 03:45:00,0.2208,0.24796273,-0.027162728142738346,-0.025181942,0.2227808
2007-06-14 04:00:00,0.1505333333333333,0.181948,-0.03141467281977339,-0.025983954,0.15596405
2007-06-14 04:15:00,0.2270666666666666,0.26793444,-0.040867774899800674,-0.027152058,0.24078238
2007-06-14 04:30:00,0.1893333333333333,0.2293718,-0.04003846768538161,-0.0286794,0.2006924
2007-06-14 04:45:00,0.1021333333333333,0.13327096,-0.031137630693117813,-0.028792854,0.104478106
2007-06-14 05:00:00,0.1602666666666666,0.19351181,-0.03324514721234645,-0.027911035,0.16560078
2007-06-14 05:15:00,0.3150666666666666,0.3538973,-0.03883063667615261,-0.028060671,0.32583663
2007-06-14 05:30:00,0.1954666666666666,0.25091696,-0.055450291188558015,-0.027507715,0.22340924
2007-06-14 05:45:00,0.1027999999999999,0.13819687,-0.03539687068462381,-0.024317576,0.11387929
2007-06-14 06:00:00,0.2389333333333333,0.3324906,-0.09355725986162824,-0.020555953,0.31193465
2007-06-14 06:15:00,0.1942666666666666,0.28128645,-0.08701978157361356,-0.02344933,0.25783712
2007-06-14 06:30:00,0.1081333333333333,0.18202141,-0.07388807593981428,-0.022953764,0.15906765
2007-06-14 06:45:00,1.4025333333333334,0.6926339,0.7098994064648947,-0.022325141,0.67030877
2007-06-14 07:00:00,2.266,1.7708399,0.49516007041931154,0.06281912,1.833659
2007-06-14 07:15:00,1.4006666666666665,1.7857279,-0.3850611918767295,0.11063465,1.8963625
2007-06-14 07:30:00,1.3212000000000002,1.4805938,-0.15939380054473862,-0.0088317245,1.4717621
2007-06-14 07:45:00,1.6202666666666663,1.48222,0.13804661299387577,-0.0243319,1.4578881
2007-06-14 08:00:00,1.354933333333333,1.5820403,-0.22710697657267276,0.015040383,1.5970807
2007-06-14 08:15:00,1.22,1.260675,-0.040674953460693386,-0.03442293,1.2262521
2007-06-14 08:30:00,1.1910666666666667,1.2900944,-0.09902770894368484,-0.029699588,1.2603948
2007-06-14 08:45:00,1.3288000000000002,1.4563367,-0.12753673667907695,-0.035199903,1.4211369
2007-06-14 09:00:00,1.2714666666666663,1.3525919,-0.0811252055486047,-0.037384104,1.3152077
2007-06-14 09:15:00,1.1892,1.2284443,-0.0392443378448486,-0.034378532,1.1940658
2007-06-14 09:30:00,1.2109333333333332,1.2527364,-0.04180311590830499,-0.029091608,1.2236449
2007-06-14 09:45:00,1.264,1.2880199,-0.024019895553588855,-0.026274594,1.2617453
2007-06-14 10:00:00,1.2197333333333331,1.2159592,0.003774142011006454,-0.023562742,1.1923964
2007-06-14 10:15:00,0.7454666666666666,0.90294033,-0.15747366622289027,-0.018777177,0.88416314
2007-06-14 10:30:00,0.2650666666666667,0.5463231,-0.281256453927358,-0.0313693,0.51495385
2007-06-14 10:45:00,0.2417333333333333,0.30974445,-0.068011114136378,-0.04178487,0.26795956
2007-06-14 11:00:00,0.1369333333333333,0.21898407,-0.08205073410669966,-0.030400494,0.18858357
2007-06-14 11:15:00,0.1309333333333333,0.21226616,-0.08133282870451614,-0.02929192,0.18297425
2007-06-14 11:30:00,0.2405333333333333,0.29098982,-0.05045648285547896,-0.02793302,0.26305678
2007-06-14 11:45:00,0.2088,0.27902794,-0.07022793884277342,-0.024400448,0.2546275
2007-06-14 12:00:00,0.1997333333333333,0.25956184,-0.05982850338617965,-0.025557877,0.23400396
2007-06-14 12:15:00,0.2113333333333333,0.29793385,-0.08660051337877914,-0.02357015,0.2743637
2007-06-14 12:30:00,0.2693333333333333,0.32639438,-0.05706104580561322,-0.025216727,0.30117765
2007-06-14 12:45:00,0.1358666666666666,0.23656946,-0.10070279754002895,-0.022374053,0.21419542
2007-06-14 13:00:00,0.1121333333333333,0.16408205,-0.051948716990153035,-0.026145123,0.13793692
2007-06-14 13:15:00,0.2313333333333333,0.31611538,-0.08478204600016279,-0.017391525,0.29872385
2007-06-14 13:30:00,0.2662666666666667,0.312936,-0.046669341309865275,-0.018897476,0.29403853
2007-06-14 13:45:00,0.1946666666666666,0.24441385,-0.04974718602498379,-0.012415998,0.23199785
2007-06-14 14:00:00,0.1594666666666666,0.23852062,-0.07905395558675138,-0.011992378,0.22652824
2007-06-14 14:15:00,0.2649333333333333,0.4321494,-0.16721607691446944,-0.013089068,0.41906035
2007-06-14 14:30:00,0.1631999999999999,0.26162773,-0.09842773370742808,-0.022507794,0.23911995
2007-06-14 14:45:00,0.1137333333333333,0.16615742,-0.05242409111658736,-0.017024446,0.14913298
2007-06-14 15:00:00,0.1886666666666666,0.24777058,-0.05910391100247708,-0.012616899,0.23515368
2007-06-14 15:15:00,0.3464,0.39839393,-0.051993929004669204,-0.013215304,0.38517863
2007-06-14 15:30:00,0.1849333333333333,0.31324294,-0.12830960876146955,-0.013778909,0.29946405
2007-06-14 15:45:00,0.1152,0.16834898,-0.053148982930183414,-0.022039404,0.14630958
2007-06-14 16:00:00,0.2486666666666666,0.27986518,-0.03119850881894437,-0.014684124,0.26518106
2007-06-14 16:15:00,0.22,0.2878735,-0.0678735065460205,-0.010503478,0.27737004
2007-06-14 16:30:00,0.1148,0.15399663,-0.039196631503105164,-0.015032219,0.13896441
2007-06-14 16:45:00,0.1636,0.22093001,-0.05733001008033753,-0.013141424,0.20778859
2007-06-14 17:00:00,0.3562666666666667,0.4717971,-0.11553044198354084,-0.014727041,0.45707005
2007-06-14 17:15:00,0.1953333333333333,0.2909501,-0.09561675635973615,-0.021695485,0.2692546
2007-06-14 17:30:00,0.1144,0.17043717,-0.056037172055244444,-0.022427801,0.14800937
2007-06-14 17:45:00,0.1924,0.24955064,-0.05715064058303834,-0.018904189,0.23064645
2007-06-14 18:00:00,1.1981333333333335,1.1981496,-1.622854868554846e-05,-0.01857578,1.1795738
2007-06-14 18:15:00,1.2670666666666668,1.1960402,0.07102651316324882,-0.010216195,1.1858239
2007-06-14 18:30:00,1.3798666666666668,1.2869622,0.09290451513926201,0.003585516,1.2905476
2007-06-14 18:45:00,3.552666666666666,3.3077722,0.24489450709025018,0.007420698,3.315193
2007-06-14 19:00:00,4.299333333333333,4.048275,0.25105833943684885,0.036140062,4.084415
2007-06-14 19:15:00,2.9656,3.409332,-0.4437320369720461,0.05475144,3.4640834
2007-06-14 19:30:00,2.736933333333333,2.6400845,0.09684882825215624,-0.04590688,2.5941777
2007-06-14 19:45:00,2.93,2.7619684,0.16803162574768082,0.0044276044,2.766396
2007-06-14 20:00:00,3.853333333333333,3.5927968,0.2605365308125811,0.017887186,3.610684
2007-06-14 20:15:00,2.622133333333333,2.748677,-0.12654368197123222,0.06080681,2.8094838
2007-06-14 20:30:00,1.4001333333333332,1.5506164,-0.15048305021921804,-0.002413101,1.5482032
2007-06-14 20:45:00,1.1133333333333333,1.3148055,-0.20147217432657882,-0.031605944,1.2831995
2007-06-14 21:00:00,1.4370666666666667,1.6815276,-0.24446094792683914,-0.04429639,1.6372312
2007-06-14 21:15:00,2.0410666666666666,2.1131334,-0.07206676381429045,-0.052374452,2.060759
2007-06-14 21:30:00,0.8794666666666667,1.1873801,-0.3079134087880452,-0.04544196,1.1419381
2007-06-14 21:45:00,1.1682666666666668,0.79334337,0.37492330147425346,-0.058706153,0.7346372
2007-06-14 22:00:00,1.1398666666666668,0.80076915,0.3390975164095562,0.027366374,0.82813555
2007-06-14 22:15:00,1.143333333333333,0.7989507,0.3443826611836749,0.08063136,0.87958205
2007-06-14 22:30:00,1.2898666666666665,0.87194496,0.41792170273462914,0.1150252,0.9869702
2007-06-14 22:45:00,1.8124,0.87877214,0.9336278604507446,0.14738527,1.0261574
2007-06-14 23:00:00,1.5890666666666666,1.1756364,0.4134302559534708,0.21853572,1.3941722
2007-06-14 23:15:00,4.563199999999999,3.9683912,0.5948088199615471,0.2097753,4.1781664
2007-06-14 23:30:00,3.4496,3.7744489,-0.3248488716125486,0.21378213,3.988231
2007-06-14 23:45:00,3.004,3.222786,-0.21878594970703125,0.054136664,3.2769227
2007-06-15 00:00:00,3.9912,3.8155003,0.17569974060058602,-0.022771286,3.792729
2007-06-15 00:15:00,1.6848,2.0861895,-0.4013895084381103,0.02488196,2.1110716
2007-06-15 00:30:00,0.3330666666666667,1.0400825,-0.7070157880147299,-0.06029596,0.9797865
2007-06-15 00:45:00,0.2570666666666666,0.24971552,0.007351144735018356,-0.083121456,0.16659406
2007-06-15 01:00:00,0.1788,0.22853233,-0.049732329201698317,-0.04693585,0.18159649
2007-06-15 01:15:00,0.2929333333333333,0.32167286,-0.028739523474375417,-0.033542592,0.28813025
2007-06-15 01:30:00,0.3293333333333333,0.4314153,-0.10208195630709332,-0.020118687,0.4112966
2007-06-15 01:45:00,0.2317333333333333,0.33139032,-0.09965698792139693,-0.021358313,0.310032
2007-06-15 02:00:00,0.1761333333333333,0.27084142,-0.09470808636347455,-0.03319383,0.2376476
2007-06-15 02:15:00,0.2586666666666667,0.31624728,-0.05758061774571732,-0.038639497,0.2776078
2007-06-15 02:30:00,0.2798666666666667,0.32114443,-0.04127776516278581,-0.036114745,0.28502968
2007-06-15 02:45:00,0.2065333333333333,0.2776966,-0.07116327616373702,-0.03450604,0.24319057
2007-06-15 03:00:00,0.1944,0.23947948,-0.04507948217391969,-0.038838472,0.200641
2007-06-15 03:15:00,0.2849333333333333,0.32283384,-0.03790050274531048,-0.036794953,0.28603888
2007-06-15 03:30:00,0.2529333333333333,0.32988033,-0.07694699365297958,-0.03441917,0.29546115
2007-06-15 03:45:00,0.1678666666666666,0.23263784,-0.06477117086251583,-0.03930161,0.19333622
2007-06-15 04:00:00,0.2284,0.27919114,-0.050791136360168465,-0.038963098,0.24022804
2007-06-15 04:15:00,0.3132,0.3697498,-0.0565498142719269,-0.036796074,0.33295375
2007-06-15 04:30:00,0.1892,0.28569415,-0.0964941521167755,-0.036355752,0.2493384
2007-06-15 04:45:00,0.0985333333333333,0.14779136,-0.04925802251497907,-0.04240911,0.10538225
2007-06-15 05:00:00,0.2296,0.33070567,-0.1011056725025177,-0.036121145,0.2945845
2007-06-15 05:15:00,0.2022666666666666,0.29805973,-0.09579306505521146,-0.03963905,0.25842068
2007-06-15 05:30:00,0.0951999999999999,0.17264476,-0.07744476418495189,-0.03854835,0.13409641
2007-06-15 05:45:00,0.1381333333333333,0.19611576,-0.05798242866198225,-0.03275198,0.16336378
2007-06-15 06:00:00,0.2656,0.4173915,-0.15179150881767273,-0.028708555,0.38868296
2007-06-15 06:15:00,0.2496,0.4678386,-0.2182385853767395,-0.038104255,0.42973432
2007-06-15 06:30:00,1.2146666666666666,1.5186604,-0.303993759473165,-0.04536327,1.4732971
2007-06-15 06:45:00,2.085733333333333,1.8275005,0.25823287080128976,-0.052391544,1.7751089
2007-06-15 07:00:00,1.6597333333333333,1.9265119,-0.26677855040232346,-0.013717397,1.9127945
2007-06-15 07:15:00,1.2249333333333332,1.6509316,-0.42599826342264824,-0.043330733,1.6076008
2007-06-15 07:30:00,0.5413333333333333,0.73301226,-0.1916789256731669,-0.053066615,0.67994565
2007-06-15 07:45:00,0.6934666666666668,0.75542074,-0.061954077752431114,-0.04335236,0.7120684
2007-06-15 08:00:00,2.2366666666666664,2.14687,0.08979676882425913,-0.027899673,2.1189702
2007-06-15 08:15:00,2.1812,2.2978957,-0.11669566993713376,-0.003677255,2.2942183
2007-06-15 08:30:00,1.7636,2.233765,-0.47016488685607905,-0.020917678,2.2128472
2007-06-15 08:45:00,1.8081333333333331,2.3399684,-0.531835109583537,-0.053561393,2.286407
2007-06-15 09:00:00,1.4952,2.2785733,-0.7833732746124267,-0.061494663,2.2170787
2007-06-15 09:15:00,0.6601333333333332,1.5687239,-0.908590583674113,-0.07070538,1.4980185
2007-06-15 09:30:00,0.2582666666666667,0.5472115,-0.28894486115773516,-0.07323328,0.47397825
2007-06-15 09:45:00,0.3177333333333333,0.42515767,-0.10742433287302655,-0.05602381,0.36913386
2007-06-15 10:00:00,0.1782666666666666,0.24395758,-0.06569091246922817,-0.03961862,0.20433897
2007-06-15 10:15:00,0.216,0.35080636,-0.1348063554763794,-0.02018162,0.33062473
2007-06-15 10:30:00,0.4001333333333333,0.55073744,-0.1506041072527568,-0.014770301,0.5359671
2007-06-15 10:45:00,0.232,0.3355685,-0.10356848764419554,-0.021215964,0.3143525
2007-06-15 11:00:00,0.6292000000000001,0.60572004,0.023479956817627046,-0.025884,0.5798361
2007-06-15 11:15:00,1.3017333333333334,1.4763983,-0.17466501547495517,-0.012916095,1.4634823
2007-06-15 11:30:00,1.2164,1.3787844,-0.16238441810607918,-0.029887613,1.3488969
2007-06-15 11:45:00,0.1909333333333333,0.5462336,-0.35530026108423873,-0.03413157,0.512102
2007-06-15 12:00:00,0.1942666666666666,0.22389972,-0.02963305543263761,-0.04966914,0.17423058
2007-06-15 12:15:00,0.3023999999999999,0.34156707,-0.03916706929206859,-0.025692068,0.315875
2007-06-15 12:30:00,0.2248,0.3085154,-0.08371539969444275,-0.020273734,0.28824165
2007-06-15 12:45:00,0.1070666666666666,0.15684405,-0.04977738302548733,-0.022130867,0.13471319
2007-06-15 13:00:00,0.1816,0.23485343,-0.053253431582450855,-0.01766905,0.21718438
2007-06-15 13:15:00,0.2129333333333333,0.27090693,-0.05797359186808271,-0.02252926,0.24837767
2007-06-15 13:30:00,0.1485333333333333,0.20284915,-0.0543158163706462,-0.023423554,0.1794256
2007-06-15 13:45:00,0.1596,0.2034175,-0.043817494893074044,-0.024360992,0.1790565
2007-06-15 14:00:00,0.1746666666666666,0.2714943,-0.0968276325066885,-0.023558028,0.24793628
2007-06-15 14:15:00,0.2058666666666666,0.29290223,-0.08703556454976408,-0.029032767,0.26386946
2007-06-15 14:30:00,0.1430666666666666,0.20491871,-0.061852045710881626,-0.02749556,0.17742315
2007-06-15 14:45:00,0.1513333333333333,0.22663817,-0.07530483476320907,-0.025668288,0.20096987
2007-06-15 15:00:00,0.1876,0.2534673,-0.06586729159355165,-0.02715473,0.22631256
2007-06-15 15:15:00,0.1844,0.25777104,-0.07337104496955871,-0.027784625,0.22998641
2007-06-15 15:30:00,0.1989333333333333,0.22468866,-0.025755330745379168,-0.02866321,0.19602546
2007-06-15 15:45:00,0.1745333333333333,0.15123843,0.023294906767209328,-0.019842148,0.13139628
2007-06-15 16:00:00,0.2658666666666666,0.2519068,0.013959854475657063,-0.01141211,0.2404947
2007-06-15 16:15:00,0.3085333333333333,0.2781162,0.03041713693936665,-0.008776319,0.2693399
2007-06-15 16:30:00,0.2601333333333333,0.25897816,0.0011551750977834008,-0.0047964915,0.25418165
2007-06-15 16:45:00,0.2817333333333333,0.26961902,0.012114315493901517,-0.0070814095,0.2625376
2007-06-15 17:00:00,0.3506666666666666,0.35886344,-0.008196776469548583,-0.0045866487,0.3542768
2007-06-15 17:15:00,0.3096,0.3452531,-0.035653109931945814,-0.006157611,0.3390955
2007-06-15 17:30:00,0.2962666666666667,0.35176444,-0.055497773869832345,-0.010128979,0.34163547
2007-06-15 17:45:00,0.8733333333333333,0.9727533,-0.09941995302836104,-0.015051199,0.9577021
2007-06-15 18:00:00,3.5750666666666664,3.5966082,-0.02154149525960314,-0.022548893,3.5740592
2007-06-15 18:15:00,1.7316,2.4424422,-0.7108421787261963,-0.011879366,2.4305627
2007-06-15 18:30:00,1.3205333333333331,1.7388724,-0.4183390755335492,-0.062800094,1.6760724
2007-06-15 18:45:00,0.9945333333333334,1.3713404,-0.3768070606867472,-0.05723789,1.3141025
2007-06-15 19:00:00,0.2996,0.8887303,-0.5891302875518799,-0.06054387,0.8281864
2007-06-15 19:15:00,0.3558666666666666,0.3829068,-0.02704012788136806,-0.069526084,0.31338072
2007-06-15 19:30:00,0.5694666666666667,0.36346814,0.20599852630297344,-0.035747822,0.3277203
2007-06-15 19:45:00,1.5496,1.7316488,-0.1820488027572631,0.009963255,1.7416121
2007-06-15 20:00:00,1.5694666666666668,1.9917738,-0.422307177098592,-0.030796582,1.9609773
2007-06-15 20:15:00,2.017866666666667,1.9344162,0.08345049177805608,-0.06476001,1.8696562
2007-06-15 20:30:00,1.2176,1.7186933,-0.5010932563781738,-0.007855099,1.7108382
2007-06-15 20:45:00,1.3361333333333334,1.5338155,-0.19768216978708897,-0.06968456,1.464131
2007-06-15 21:00:00,2.172533333333333,2.3138137,-0.14128035303751663,-0.05124528,2.2625685
2007-06-15 21:15:00,2.185866666666666,2.2656693,-0.07980267918904671,-0.040494937,2.2251744
2007-06-15 21:30:00,0.4928,0.9310514,-0.4382513734817505,-0.028001355,0.90305
2007-06-15 21:45:00,0.3921333333333333,0.5816175,-0.18948414122263596,-0.06695328,0.5146642
2007-06-15 22:00:00,0.2698666666666666,0.29509813,-0.025231459267934242,-0.05685555,0.23824258
2007-06-15 22:15:00,1.3845333333333334,1.2012848,0.1832485671361288,-0.040658426,1.1606263
2007-06-15 22:30:00,0.9716,1.4433562,-0.4717561563491821,-0.012319136,1.4310371
2007-06-15 22:45:00,0.3682666666666667,0.79362327,-0.4253566019376119,-0.07234523,0.7212781
2007-06-15 23:00:00,0.2457333333333333,0.36204115,-0.1163078122297923,-0.07984224,0.2821989
2007-06-15 23:15:00,0.2329333333333333,0.41876978,-0.18583644348780318,-0.05875412,0.36001566
2007-06-15 23:30:00,0.4828,0.56919956,-0.0863995620727539,-0.062646344,0.50655323
2007-06-15 23:45:00,0.7040000000000001,0.5443908,0.1596092023849488,-0.044432692,0.4999581
2007-06-16 00:00:00,0.246,0.6197946,-0.3737946071624756,-0.0028030467,0.6169916
2007-06-16 00:15:00,0.2981333333333333,0.33546394,-0.037330607763926216,-0.06009289,0.27537104
2007-06-16 00:30:00,0.3654666666666666,0.41053978,-0.045073109420140645,-0.019528916,0.39101085
2007-06-16 00:45:00,0.266,0.30228335,-0.036283346652984605,-0.002913578,0.29936978
2007-06-16 01:00:00,0.314,0.25481212,0.059187878608703615,-0.010454895,0.24435723
2007-06-16 01:15:00,0.3342666666666666,0.34185836,-0.0075916905244192145,0.0038226387,0.34568098
2007-06-16 01:30:00,0.2614666666666667,0.30363375,-0.04216708281834919,-0.011067726,0.29256603
2007-06-16 01:45:00,0.1594666666666666,0.17173445,-0.012267785580953039,-0.019681696,0.15205276
2007-06-16 02:00:00,0.1930666666666666,0.18338722,0.009679446760813337,-0.017869418,0.1655178
2007-06-16 02:15:00,0.3225333333333333,0.30893657,0.013596767218907624,-0.012689173,0.2962474
2007-06-16 02:30:00,0.1818666666666666,0.16752481,0.014341852060953703,-0.013057064,0.15446775
2007-06-16 02:45:00,0.1602666666666666,0.13506544,0.025201230303446398,-0.0134351,0.12163033
2007-06-16 03:00:00,0.2705333333333333,0.25628918,0.01424414923985795,-0.01160722,0.24468197
2007-06-16 03:15:00,0.2636,0.27301586,-0.009415856742858886,-0.0121278735,0.26088798
2007-06-16 03:30:00,0.1606666666666666,0.14536692,0.015299744645754426,-0.015987176,0.12937975
2007-06-16 03:45:00,0.1792,0.14326727,0.03593272609710693,-0.012382512,0.13088477
2007-06-16 04:00:00,0.316,0.2951348,0.02086518740653992,-0.007732727,0.2874021
2007-06-16 04:15:00,0.1972,0.19084226,0.006357744050025926,-0.007940487,0.18290177
2007-06-16 04:30:00,0.1153333333333333,0.1347185,-0.019385159293810558,-0.010047141,0.124671355
2007-06-16 04:45:00,0.2501333333333333,0.27391055,-0.02377721892992657,-0.013533238,0.26037732
2007-06-16 05:00:00,0.5584000000000001,0.604519,-0.04611900959014881,-0.015118642,0.58940035
2007-06-16 05:15:00,1.2377333333333334,1.3779267,-0.14019337393442788,-0.01870593,1.3592207
2007-06-16 05:30:00,1.062533333333333,1.345875,-0.2833416914621991,-0.032545824,1.3133292
2007-06-16 05:45:00,0.2530666666666666,0.68487954,-0.4318128747304281,-0.051840752,0.63303876
2007-06-16 06:00:00,0.2372,0.33086926,-0.09366925745010377,-0.06536223,0.26550704
2007-06-16 06:15:00,0.2097333333333333,0.34743384,-0.13770050193468733,-0.03718856,0.31024528
2007-06-16 06:30:00,0.1973333333333333,0.33556667,-0.1382333363691966,-0.033612516,0.30195415
2007-06-16 06:45:00,1.1345333333333334,0.48519966,0.6493336732705435,-0.02941021,0.45578945
2007-06-16 07:00:00,0.5946666666666667,0.88729465,-0.29262798341115315,0.068527885,0.9558225
2007-06-16 07:15:00,0.1568,0.5328005,-0.37600049562454224,-0.005829594,0.5269709
2007-06-16 07:30:00,0.1437333333333333,0.26049304,-0.11675970675150557,-0.04846258,0.21203046
2007-06-16 07:45:00,0.2034666666666666,0.36130664,-0.15783997085889187,-0.02975236,0.33155426
2007-06-16 08:00:00,0.1976,0.2624579,-0.06485790719985962,-0.026512656,0.23594525
2007-06-16 08:15:00,0.2085333333333333,0.18541741,0.02311591962178544,-0.02750402,0.15791339
2007-06-16 08:30:00,0.8868000000000001,1.0378461,-0.15104608840942368,-0.009459883,1.0283862
2007-06-16 08:45:00,1.3428,1.5867466,-0.24394657344818116,-0.024645632,1.5621009
2007-06-16 09:00:00,1.2093333333333334,1.3761662,-0.16683289114634192,-0.039040003,1.3371263
2007-06-16 09:15:00,1.0834666666666666,1.2043544,-0.12088773873647063,-0.02753995,1.1768144
2007-06-16 09:30:00,0.2596,0.70200706,-0.4424070552825928,-0.015011221,0.68699586
2007-06-16 09:45:00,2.1969333333333334,1.5948169,0.6021164101918539,-0.051149983,1.543667
2007-06-16 10:00:00,3.07,3.203224,-0.1332239437103273,0.054062042,3.257286
2007-06-16 10:15:00,2.707333333333333,2.93157,-0.2242367197672528,0.015712911,2.947283
2007-06-16 10:30:00,1.6474666666666666,1.7936124,-0.14614569428761803,-0.017887896,1.7757244
2007-06-16 10:45:00,1.3557333333333332,1.5516529,-0.19591957499186208,-0.017451335,1.5342016
2007-06-16 11:00:00,1.6720000000000002,1.4718499,0.20015008163452164,-0.03163506,1.4402149
2007-06-16 11:15:00,1.5806666666666669,1.6840161,-0.10334944184621153,0.0057310974,1.6897472
2007-06-16 11:30:00,1.5998666666666668,1.5959284,0.003938236109415794,-0.0116125755,1.5843159
2007-06-16 11:45:00,1.5348,1.5380523,-0.0032523204803467376,-0.004096853,1.5339555
2007-06-16 12:00:00,1.5985333333333334,1.604996,-0.00646263262430824,0.0022026077,1.6071986
2007-06-16 12:15:00,1.6070666666666669,1.70671,-0.09964331429799378,-0.0063148527,1.7003951
2007-06-16 12:30:00,1.5948,1.6131872,-0.018387193870544438,-0.02504431,1.5881429
2007-06-16 12:45:00,1.6564,1.5141875,0.14221254482269297,-0.020222398,1.493965
2007-06-16 13:00:00,1.7628,1.4847441,0.2780559280395507,0.0067424183,1.4914865
2007-06-16 13:15:00,2.3549333333333333,1.6578188,0.697114539082845,0.044382066,1.7022009
2007-06-16 13:30:00,1.9344,1.643114,0.29128602924346914,0.12730496,1.7704189
2007-06-16 13:45:00,1.6828,1.4802207,0.20257932453155525,0.12589471,1.6061153
2007-06-16 14:00:00,2.0314666666666668,1.4911962,0.540270511118571,0.09914854,1.5903447
2007-06-16 14:15:00,1.3723999999999998,1.1361231,0.2362769388198851,0.14664234,1.2827654
2007-06-16 14:30:00,1.9252,1.3660733,0.5591267492294312,0.11381198,1.4798852
2007-06-16 14:45:00,1.8324,1.4438097,0.3885902523040772,0.15449345,1.5983032
2007-06-16 15:00:00,1.7376,1.3162036,0.42139640579223636,0.15064256,1.4668461
2007-06-16 15:15:00,1.288266666666667,0.9060628,0.3822038848559064,0.14460057,1.0506634
2007-06-16 15:30:00,3.147466666666667,2.2312462,0.9162204336802167,0.13509436,2.3663406
2007-06-16 15:45:00,1.4757333333333331,1.1420946,0.3336387212117511,0.21173404,1.3538287
2007-06-16 16:00:00,0.9824,0.8277278,0.15467220535278325,0.17369789,1.0014257
2007-06-16 16:15:00,0.9112,0.6025407,0.3086593281745911,0.107929215,0.7104699
2007-06-16 16:30:00,3.045466666666667,2.3452713,0.7001953177134199,0.10744776,2.4527192
2007-06-16 16:45:00,2.337733333333333,2.08698,0.25075322888692186,0.17224254,2.2592227
2007-06-16 17:00:00,2.4164000000000003,2.0498583,0.3665416683197025,0.13068488,2.1805432
2007-06-16 17:15:00,3.5041333333333333,3.1521547,0.35197864926656086,0.13287213,3.2850268
2007-06-16 17:30:00,1.5606666666666666,1.4473785,0.11328815046946206,0.12771027,1.5750887
2007-06-16 17:45:00,1.3561333333333332,1.1505622,0.20557116616566962,0.07350745,1.2240696
2007-06-16 18:00:00,2.1352,1.6159166,0.5192833902359011,0.06502234,1.680939
2007-06-16 18:15:00,2.4606666666666666,2.0996149,0.3610518080393472,0.121922635,2.2215376
2007-06-16 18:30:00,2.9092,2.325586,0.5836139194488523,0.096362635,2.4219487
2007-06-16 18:45:00,3.8528,3.149921,0.7028790596008299,0.1408949,3.2908158
2007-06-16 19:00:00,2.443866666666666,2.7143302,-0.27046352971394905,0.18169236,2.8960226
2007-06-16 19:15:00,2.8564000000000003,2.522238,0.33416198387146023,0.02436111,2.5465991
2007-06-16 19:30:00,1.8696,2.3384342,-0.46883421936035163,0.07834088,2.416775
2007-06-16 19:45:00,2.840933333333333,2.2513912,0.5895421609242755,-0.02058919,2.230802
2007-06-16 20:00:00,3.7201333333333335,3.6959522,0.024181156285604022,0.086807854,3.7827601
2007-06-16 20:15:00,3.402533333333333,4.0045743,-0.6020409655253096,0.045124434,4.049699
2007-06-16 20:30:00,2.991733333333334,3.2789257,-0.28719232393900507,-0.056425996,3.2224996
2007-06-16 20:45:00,3.248933333333333,3.2956812,-0.04674790484110547,-0.059200905,3.2364802
2007-06-16 21:00:00,2.790666666666666,2.8697906,-0.07912388737996467,-0.043469258,2.8263214
2007-06-16 21:15:00,2.540666666666666,2.4629865,0.07768019739786736,-0.04111028,2.4218762
2007-06-16 21:30:00,2.0184,2.3876595,-0.36925954971313457,-0.014551,2.3731086
2007-06-16 21:45:00,1.0734666666666668,1.6262063,-0.5527396121342976,-0.062296133,1.5639101
2007-06-16 22:00:00,1.81,1.601878,0.20812195301055914,-0.07254515,1.5293329
2007-06-16 22:15:00,2.0773333333333333,2.3347151,-0.25738179461161304,-0.02265641,2.3120587
2007-06-16 22:30:00,0.9837333333333332,1.3830259,-0.39929255129496266,-0.05953233,1.3234936
2007-06-16 22:45:00,0.9973333333333334,0.80294657,0.19438676579793301,-0.071524896,0.73142165
2007-06-16 23:00:00,0.9197333333333332,0.76359797,0.15613536809285467,-0.014806597,0.7487914
2007-06-16 23:15:00,1.9190666666666667,0.79924244,1.119824229780833,0.023334526,0.82257694
2007-06-16 23:30:00,2.072,1.8693289,0.20267114353179938,0.19704363,2.0663724
2007-06-16 23:45:00,2.069333333333333,1.8679236,0.20140971597035673,0.1724821,2.0404058
2007-06-17 00:00:00,0.9777333333333332,1.194928,-0.2171947167078655,0.12714703,1.3220751
2007-06-17 00:15:00,0.9877333333333334,0.74150616,0.24622717402776084,0.009774822,0.75128096
2007-06-17 00:30:00,1.0877333333333332,0.8125725,0.27516085408528634,0.042142082,0.8547146
2007-06-17 00:45:00,0.8454666666666667,0.81142116,0.03404551073710127,0.071139246,0.8825604
2007-06-17 01:00:00,1.0421333333333334,0.74151796,0.3006153723080953,0.03292817,0.7744461
2007-06-17 01:15:00,1.3128,0.8891628,0.42363722114562985,0.0739359,0.9630987
2007-06-17 01:30:00,1.6576,0.89944357,0.7581564332008361,0.1168753,1.0163189
2007-06-17 01:45:00,1.7452,1.2302576,0.5149423696517945,0.19161978,1.4218774
2007-06-17 02:00:00,1.7145333333333332,1.7020743,0.012459044011433829,0.21009235,1.9121666
2007-06-17 02:15:00,2.798,3.2253282,-0.42732820701599117,0.12225362,3.3475819
2007-06-17 02:30:00,0.302,1.2176398,-0.9156398038864135,-0.02059834,1.1970415
2007-06-17 02:45:00,0.2850666666666666,0.35450923,-0.06944256776173918,-0.09364252,0.2608667
2007-06-17 03:00:00,0.44,0.5333917,-0.09339171409606933,-0.05614029,0.4772514
2007-06-17 03:15:00,0.3589333333333334,0.55570495,-0.19677161795298254,-0.04983243,0.50587255
2007-06-17 03:30:00,1.796266666666667,1.9568292,-0.16056252358754453,-0.06024085,1.8965883
2007-06-17 03:45:00,0.4928,0.81319094,-0.3203909370422363,-0.05079269,0.76239824
2007-06-17 04:00:00,0.2718666666666667,0.36445078,-0.09258411587079363,-0.07332386,0.2911269
2007-06-17 04:15:00,0.2364,0.27528638,-0.03888637647628784,-0.054683205,0.22060317
2007-06-17 04:30:00,0.136,0.29045305,-0.15445304656028747,-0.038851958,0.2516011
2007-06-17 04:45:00,0.1866666666666666,0.30016837,-0.11350169857343045,-0.04934798,0.2508204
2007-06-17 05:00:00,0.2084,0.3801462,-0.17174620542526245,-0.04457434,0.33557186
2007-06-17 05:15:00,0.1466666666666666,0.3201803,-0.17351363023122157,-0.05262424,0.26755607
2007-06-17 05:30:00,0.1137333333333333,0.2043895,-0.09065616430441542,-0.053218912,0.15117058
2007-06-17 05:45:00,0.2561333333333333,0.29820007,-0.042066737524668385,-0.037070118,0.26112995
2007-06-17 06:00:00,0.2714666666666667,0.40597922,-0.1345125494321187,-0.021510277,0.38446894
2007-06-17 06:15:00,0.1775999999999999,0.3221305,-0.1445305012702943,-0.031036848,0.29109365
2007-06-17 06:30:00,0.2248,0.4651481,-0.24034809131622314,-0.03444074,0.43070734
2007-06-17 06:45:00,0.2630666666666666,0.595254,-0.3321873373349508,-0.048264865,0.54698914
2007-06-17 07:00:00,0.1021333333333333,0.25033608,-0.14820274745623274,-0.06595083,0.18438524
2007-06-17 07:15:00,0.1004,0.23006445,-0.12966445169448854,-0.042114265,0.1879502
2007-06-17 07:30:00,0.2414666666666666,0.3316986,-0.09023192981084194,-0.030587029,0.30111158
2007-06-17 07:45:00,0.1714666666666666,0.34109557,-0.16962890008290615,-0.021763498,0.31933206
2007-06-17 08:00:00,0.1,0.28276724,-0.18276723623275756,-0.023586331,0.2591809
2007-06-17 08:15:00,0.2271999999999999,0.32151863,-0.09431862978935251,-0.030012108,0.29150653
2007-06-17 08:30:00,0.2778666666666666,0.3839099,-0.10604324425061551,-0.025243899,0.358666
2007-06-17 08:45:00,0.2165333333333333,0.33033812,-0.11380478712717695,-0.021562187,0.30877593
2007-06-17 09:00:00,0.6416000000000001,0.25443894,0.3871610632896424,-0.019746056,0.23469289
2007-06-17 09:15:00,1.6230666666666669,1.4531604,0.1699062615076703,0.037304748,1.4904652
2007-06-17 09:30:00,1.3562666666666667,1.7231668,-0.36690015672047926,0.05117016,1.7743369
2007-06-17 09:45:00,1.0662666666666667,1.3607955,-0.2945288312276204,-0.018750617,1.3420448
2007-06-17 10:00:00,1.3170666666666666,1.5246682,-0.20760155003865566,-0.05182223,1.472846
2007-06-17 10:15:00,1.3452,1.4868801,-0.14168006401062017,-0.041051473,1.4458286
2007-06-17 10:30:00,1.314,1.4294102,-0.11541021919250483,-0.030084005,1.3993262
2007-06-17 10:45:00,1.4054666666666666,1.4037126,0.0017540363947550208,-0.025117787,1.3785949
2007-06-17 11:00:00,1.5416,1.326087,0.21551300201416024,-0.008046926,1.31804
2007-06-17 11:15:00,1.3661333333333334,1.589648,-0.2235146750132242,0.013372779,1.6030208
2007-06-17 11:30:00,2.4857333333333336,2.6273556,-0.14162224222818987,-0.024585314,2.6027703
2007-06-17 11:45:00,1.568,1.8452561,-0.2772560901641845,-0.030886637,1.8143694
2007-06-17 12:00:00,0.9338666666666668,1.075637,-0.1417703162511188,-0.04725571,1.0283812
2007-06-17 12:15:00,0.8254666666666667,0.765811,0.05965564057032269,-0.037557505,0.72825354
2007-06-17 12:30:00,0.7148,0.74296397,-0.028163969707489023,-0.014613309,0.72835064
2007-06-17 12:45:00,0.7425333333333334,0.69617385,0.04635948661168421,-0.015268715,0.6809051
2007-06-17 13:00:00,2.9876,3.2043474,-0.21674737205505368,-0.010759376,3.193588
2007-06-17 13:15:00,3.012266666666666,2.9624934,0.04977324701944941,-0.044560447,2.917933
2007-06-17 13:30:00,1.7718666666666667,1.8183926,-0.04652596772511797,-0.032995462,1.7853972
2007-06-17 13:45:00,2.7486666666666664,3.1321151,-0.38344845898946156,-0.035640113,3.0964751
2007-06-17 14:00:00,4.27,3.742394,0.5276060295104976,-0.05889285,3.683501
2007-06-17 14:15:00,3.1729333333333334,3.2908547,-0.11792135912577306,0.019428875,3.3102837
2007-06-17 14:30:00,1.2961333333333334,1.2833841,0.012749248631795274,-0.030697906,1.2526861
2007-06-17 14:45:00,0.6359999999999999,0.5892677,0.04673232889175405,-0.028721191,0.56054646
2007-06-17 15:00:00,0.7897333333333333,0.6563019,0.13343141768773392,-0.024778713,0.6315232
2007-06-17 15:15:00,0.6645333333333333,0.6345424,0.029990927728017147,-0.0071175317,0.6274249
2007-06-17 15:30:00,0.8825333333333333,1.0427524,-0.16021905180613205,-0.025551006,1.0172014
2007-06-17 15:45:00,0.7273333333333334,0.67725927,0.050074066956838026,-0.051914975,0.6253443
2007-06-17 16:00:00,2.4094666666666664,2.1662707,0.24319593378702775,-0.031649005,2.1346216
2007-06-17 16:15:00,2.8221333333333334,1.9512606,0.8708727666219076,0.0063088364,1.9575694
2007-06-17 16:30:00,2.4990666666666663,2.032597,0.4664696016947425,0.12102759,2.1536245
2007-06-17 16:45:00,1.1061333333333332,1.0284278,0.07770549405415839,0.12506376,1.1534916
2007-06-17 17:00:00,0.9037333333333334,0.79609394,0.10763939259847011,0.062606595,0.8587005
2007-06-17 17:15:00,0.8136,0.8090196,0.004580374813079824,0.037014883,0.8460345
2007-06-17 17:30:00,0.6770666666666667,0.72227764,-0.04521097462972001,0.0034547248,0.7257324
2007-06-17 17:45:00,2.1469333333333336,1.670684,0.47624935334523544,-0.026802463,1.6438816
2007-06-17 18:00:00,4.9264,3.6557953,1.2706046642303468,0.064584136,3.7203794
2007-06-17 18:15:00,4.491066666666667,3.1885211,1.3025455198923748,0.20884277,3.397364
2007-06-17 18:30:00,2.9324,2.6562462,0.2761538146972655,0.30128098,2.9575272
2007-06-17 18:45:00,3.605733333333333,3.4619489,0.14378446172078396,0.24761951,3.7095685
2007-06-17 19:00:00,3.240933333333333,3.4655364,-0.22460302263895704,0.16888611,3.6344225
2007-06-17 19:15:00,2.7794666666666665,3.1558902,-0.3764235596974692,0.022325091,3.1782153
2007-06-17 19:30:00,3.657333333333333,3.3809993,0.27633400662740026,-0.039066054,3.3419333
2007-06-17 19:45:00,2.576,3.076629,-0.5006289234161376,0.005909402,3.0825384
2007-06-17 20:00:00,1.6338666666666666,2.045946,-0.41207921613057463,-0.06661485,1.979331
2007-06-17 20:15:00,2.0842666666666667,1.6645861,0.4196805994669597,-0.075187996,1.589398
2007-06-17 20:30:00,2.0730666666666666,2.0385242,0.03454251581827794,0.0025027131,2.0410268
2007-06-17 20:45:00,3.3292,3.278432,0.05076810760498063,-0.0044937343,3.2739382
2007-06-17 21:00:00,2.4534666666666665,2.0222955,0.43117119166056295,0.0036869594,2.0259824
2007-06-17 21:15:00,2.6924,2.0341802,0.6582198356628419,0.083444424,2.1176245
2007-06-17 21:30:00,3.588933333333333,3.0952833,0.4936500634511307,0.1685395,3.2638228
2007-06-17 21:45:00,1.5654666666666666,1.793889,-0.22842237904866547,0.18159446,1.9754835
2007-06-17 22:00:00,0.9129333333333334,1.3765131,-0.4635797901789347,0.04185807,1.4183712
2007-06-17 22:15:00,0.8317333333333334,0.7243411,0.10739223883946747,-0.052596603,0.67174447
2007-06-17 22:30:00,0.7178666666666668,0.8790182,-0.16115152085622142,-0.021605095,0.8574131
2007-06-17 22:45:00,0.4818666666666666,0.59905225,-0.11718558371861781,-0.050312236,0.54874
2007-06-17 23:00:00,0.2137333333333333,0.41258952,-0.19885618688265486,-0.05685106,0.35573846
2007-06-17 23:15:00,0.2482666666666666,0.29329562,-0.045028955205281634,-0.064560585,0.22873503
2007-06-17 23:30:00,0.2882666666666666,0.3889424,-0.1006757240136465,-0.049768794,0.3391736
2007-06-17 23:45:00,0.1226666666666666,0.3163303,-0.19366364701588956,-0.047196224,0.2691341
2007-06-18 00:00:00,0.2034666666666666,0.30232683,-0.09886016157468167,-0.05666001,0.24566682
2007-06-18 00:15:00,0.3053333333333333,0.36472255,-0.05938921658198043,-0.050664537,0.314058
2007-06-18 00:30:00,0.2373333333333333,0.3070333,-0.06969996706644696,-0.04293139,0.26410192
2007-06-18 00:45:00,0.2294666666666666,0.18579257,0.043674101320902436,-0.040761787,0.14503078
2007-06-18 01:00:00,0.2325333333333333,0.24790579,-0.015372457472483364,-0.020089187,0.22781661
2007-06-18 01:15:00,0.2648,0.27822104,-0.013421040964126607,-0.022544777,0.25567627
2007-06-18 01:30:00,0.2201333333333333,0.24838921,-0.028255880943934164,-0.022989886,0.22539933
2007-06-18 01:45:00,0.2017333333333333,0.31017333,-0.10843999935785933,-0.028691834,0.2814815
2007-06-18 02:00:00,0.1042666666666666,0.26156718,-0.15730050872166956,-0.04062079,0.22094639
2007-06-18 02:15:00,0.2554666666666667,0.37604147,-0.12057480529149373,-0.046659403,0.32938206
2007-06-18 02:30:00,0.2405333333333333,0.3074396,-0.06690626212755843,-0.039001495,0.2684381
2007-06-18 02:45:00,0.1634666666666666,0.28381842,-0.12035175708134976,-0.027307153,0.25651127
2007-06-18 03:00:00,0.1254666666666666,0.25116158,-0.12569490865071622,-0.030421142,0.22074044
2007-06-18 03:15:00,0.2214666666666666,0.35947117,-0.1380045054276785,-0.031457845,0.32801333
2007-06-18 03:30:00,0.1217333333333333,0.27194667,-0.15021333529154463,-0.031742677,0.24020399
2007-06-18 03:45:00,0.0862666666666666,0.2135279,-0.12726123629411068,-0.03170056,0.18182734
2007-06-18 04:00:00,0.158,0.28716558,-0.1291655821800232,-0.026303908,0.26086167
2007-06-18 04:15:00,0.2217333333333333,0.34310406,-0.12137073113123578,-0.0275826,0.31552148
2007-06-18 04:30:00,0.1374666666666666,0.27269357,-0.13522690776189175,-0.028704757,0.24398881
2007-06-18 04:45:00,0.1697333333333333,0.2901808,-0.12044746901194259,-0.028849313,0.2613315
2007-06-18 05:00:00,0.2826666666666667,0.3402695,-0.05760283931096394,-0.027356032,0.31291348
2007-06-18 05:15:00,0.1616,0.28283674,-0.12123673524856568,-0.017772825,0.2650639
2007-06-18 05:30:00,0.0883999999999999,0.19621447,-0.1078144672870637,-0.021859962,0.17435451
2007-06-18 05:45:00,0.1486666666666666,0.24156804,-0.09290137716134395,-0.021872004,0.21969604
2007-06-18 06:00:00,0.6388,0.7259529,-0.08715292329788205,-0.021240039,0.70471287
2007-06-18 06:15:00,1.2853333333333334,1.6397848,-0.35445147959391266,-0.01876409,1.6210207
2007-06-18 06:30:00,0.7678666666666667,1.151181,-0.383314315923055,-0.045558367,1.1056226
2007-06-18 06:45:00,0.1784,0.8329085,-0.6545085111618042,-0.050849147,0.7820594
2007-06-18 07:00:00,0.3752,0.4682104,-0.09301039915084841,-0.063502975,0.40470743
2007-06-18 07:15:00,1.7078666666666669,1.3205247,0.3873419741312665,-0.029623412,1.2909013
2007-06-18 07:30:00,1.868,1.8408036,0.027196376800537214,0.040637046,1.8814406
2007-06-18 07:45:00,1.204,1.6021376,-0.398137565612793,0.039025012,1.6411626
2007-06-18 08:00:00,1.5001333333333335,1.38011,0.12002330792744975,-0.023245512,1.3568646
2007-06-18 08:15:00,1.5937333333333334,1.420161,0.17357232449849458,0.016335621,1.4364966
2007-06-18 08:30:00,1.2130666666666663,1.5377251,-0.3246584243138635,0.045506988,1.583232
2007-06-18 08:45:00,1.346933333333333,1.3578563,-0.010922940317789953,-0.024007404,1.3338488
2007-06-18 09:00:00,1.1804,1.2613784,-0.08097840747833263,-0.0012304652,1.2601479
2007-06-18 09:15:00,1.1822666666666668,1.3243344,-0.14206771634419746,-0.022972845,1.3013616
2007-06-18 09:30:00,1.2894666666666663,1.4203643,-0.13089759400685663,-0.0313462,1.389018
2007-06-18 09:45:00,1.2978666666666667,1.3240954,-0.026228701718648217,-0.021628287,1.3024671
2007-06-18 10:00:00,1.1742666666666666,1.2443486,-0.07008197854359954,-0.008434966,1.2359136
2007-06-18 10:15:00,0.442,0.6443433,-0.2023433165550232,-0.010828373,0.63351494
2007-06-18 10:30:00,0.1301333333333333,0.32489678,-0.19476344930330916,-0.0277653,0.29713148
2007-06-18 10:45:00,0.1992,0.28053528,-0.0813352807044983,-0.030993083,0.24954219
2007-06-18 11:00:00,0.1750666666666666,0.24766909,-0.07260241919358579,-0.022596635,0.22507244
2007-06-18 11:15:00,0.1102666666666666,0.180056,-0.06978933904965726,-0.026710024,0.15334599
2007-06-18 11:30:00,0.1934666666666666,0.2448051,-0.05133843091328946,-0.018697439,0.22610766
2007-06-18 11:45:00,0.3232,0.44987294,-0.1266729407787323,-0.015349232,0.4345237
2007-06-18 12:00:00,0.1861333333333333,0.29373127,-0.10759793888727828,-0.020250324,0.27348095
2007-06-18 12:15:00,0.098,0.15310124,-0.05510123562812805,-0.023326676,0.12977456
2007-06-18 12:30:00,0.204,0.26783335,-0.06383335208892824,-0.022415867,0.24541749
2007-06-18 12:45:00,0.2064,0.2910425,-0.0846425066947937,-0.021667162,0.26937535
2007-06-18 13:00:00,0.0961333333333333,0.1570203,-0.060886967293421454,-0.025811957,0.13120835
2007-06-18 13:15:00,0.1202666666666666,0.1558334,-0.0355667266686758,-0.021133378,0.13470002
2007-06-18 13:30:00,0.2333333333333333,0.31824747,-0.0849141339461009,-0.018746454,0.299501
2007-06-18 13:45:00,0.1916,0.299479,-0.10787900772094727,-0.023483768,0.27599525
2007-06-18 14:00:00,0.1944,0.29986075,-0.10546074566841127,-0.023435961,0.2764248
2007-06-18 14:15:00,0.2389333333333333,0.32106063,-0.08212729436556501,-0.03215059,0.28891003
2007-06-18 14:30:00,0.2016,0.2747195,-0.07311950650215149,-0.02782794,0.24689156
2007-06-18 14:45:00,0.1352,0.16855301,-0.033353009629249586,-0.028015787,0.14053722
2007-06-18 15:00:00,0.1614666666666666,0.211834,-0.050367331894238865,-0.024747152,0.18708685
2007-06-18 15:15:00,0.1442666666666666,0.19815932,-0.053892655475934415,-0.027287453,0.17087187
2007-06-18 15:30:00,0.2,0.25976253,-0.05976252555847167,-0.028120779,0.23164174
2007-06-18 15:45:00,0.1790666666666666,0.2288986,-0.04983193307717648,-0.02900391,0.1998947
2007-06-18 16:00:00,0.1405333333333333,0.23347737,-0.09294403561751052,-0.028388755,0.20508862
2007-06-18 16:15:00,0.2428,0.3255456,-0.08274560899734498,-0.034291707,0.2912539
2007-06-18 16:30:00,0.3142666666666667,0.57891977,-0.26465310166676836,-0.037619755,0.5413
2007-06-18 16:45:00,0.1198666666666666,0.21713862,-0.09727195156415311,-0.05388847,0.16325015
2007-06-18 17:00:00,0.1013333333333333,0.12863444,-0.027301104585329722,-0.04258654,0.0860479
2007-06-18 17:15:00,0.2196,0.26901254,-0.04941254057884217,-0.037986968,0.23102558
2007-06-18 17:30:00,0.2096,0.27026713,-0.060667128944396964,-0.038666163,0.23160097
2007-06-18 17:45:00,0.0994666666666666,0.13787507,-0.03840839854081478,-0.04202532,0.095849745
2007-06-18 18:00:00,0.1134666666666666,0.2618884,-0.14842174795468654,-0.038486645,0.22340177
2007-06-18 18:15:00,0.3014666666666666,0.6392015,-0.3377348552068075,-0.05019822,0.5890033
2007-06-18 18:30:00,0.2312,0.43771297,-0.20651296739578248,-0.06225797,0.375455
2007-06-18 18:45:00,0.1646666666666666,0.3556882,-0.1910215476353964,-0.058334265,0.29735395
2007-06-18 19:00:00,0.1926666666666666,0.36804795,-0.17538128598531094,-0.05945387,0.30859408
2007-06-18 19:15:00,1.090666666666667,1.4181302,-0.32746349271138486,-0.059237286,1.3588929
2007-06-18 19:30:00,1.2189333333333332,1.4963486,-0.27741528612772637,-0.066124626,1.430224
2007-06-18 19:45:00,0.8346666666666667,1.2032938,-0.36862713368733724,-0.066918194,1.1363757
2007-06-18 20:00:00,1.6510666666666665,0.8642973,0.7867693958918252,-0.06570408,0.79859316
2007-06-18 20:15:00,1.7265333333333333,1.2052639,0.5212694802602131,0.055641197,1.260905
2007-06-18 20:30:00,0.594,1.3457683,-0.7517683324813843,0.11983203,1.4656004
2007-06-18 20:45:00,0.3525333333333333,0.5419193,-0.1893859576861064,-0.07350234,0.46841696
2007-06-18 21:00:00,0.2841333333333333,0.40098923,-0.11685590111414595,-0.05746052,0.34352872
2007-06-18 21:15:00,0.2682666666666666,0.53821087,-0.2699442021687826,-0.04674876,0.4914621
2007-06-18 21:30:00,0.7806666666666667,0.5436222,0.23704447094599412,-0.07350456,0.47011763
2007-06-18 21:45:00,0.8561333333333334,0.7763485,0.07978486169179289,-0.027669625,0.74867886
2007-06-18 22:00:00,0.9850666666666666,0.79953885,0.1855278158823649,-0.011438165,0.78810066
2007-06-18 22:15:00,0.7394666666666667,0.8753033,-0.13583666137059525,0.02753928,0.9028426
2007-06-18 22:30:00,0.6962666666666667,0.65992177,0.03634490133921309,-0.030154271,0.6297675
2007-06-18 22:45:00,0.5008,0.61344665,-0.11264665288925169,-0.014613642,0.598833
2007-06-18 23:00:00,0.4290666666666666,0.48746735,-0.058400681908925445,-0.039421868,0.4480455
2007-06-18 23:15:00,0.4634666666666666,0.45005843,0.013408236233393267,-0.033832587,0.41622585
2007-06-18 23:30:00,0.3048,0.34091383,-0.03611383218765257,-0.026832854,0.31408098
2007-06-18 23:45:00,0.2546666666666667,0.20238483,0.05228183714548751,-0.030548073,0.17183676
2007-06-19 00:00:00,0.3493333333333333,0.28207237,0.06726096804936721,-0.0162058,0.26586658
2007-06-19 00:15:00,0.4093333333333333,0.3643388,0.04499454792340596,-0.007642808,0.35669598
2007-06-19 00:30:00,0.2590666666666666,0.20734945,0.05171721727053319,-0.0064921244,0.20085733
2007-06-19 00:45:00,1.2352,1.2069384,0.028261614036560134,-0.0033640927,1.2035743
2007-06-19 01:00:00,1.3613333333333335,1.5762429,-0.21490959040323876,-0.006689903,1.569553
2007-06-19 01:15:00,1.3008,1.3563795,-0.05557950897216801,-0.04670291,1.3096766
2007-06-19 01:30:00,0.1432,0.5695753,-0.426375309753418,-0.032183945,0.53739136
2007-06-19 01:45:00,0.142,0.24792989,-0.10592988598346711,-0.071057305,0.17687258
2007-06-19 02:00:00,0.1733333333333333,0.26013476,-0.08680142323176068,-0.04858096,0.2115538
2007-06-19 02:15:00,0.1701333333333333,0.26406944,-0.09393610464731855,-0.040909935,0.2231595
2007-06-19 02:30:00,0.1389333333333333,0.18155755,-0.042624217693011,-0.033091806,0.14846575
2007-06-19 02:45:00,0.0856,0.12777239,-0.04217239084243775,-0.021882057,0.10589033
2007-06-19 03:00:00,0.2213333333333333,0.26178005,-0.04044672004381819,-0.018793551,0.2429865
2007-06-19 03:15:00,0.2750666666666667,0.32893857,-0.05387190693219501,-0.014585318,0.31435326
2007-06-19 03:30:00,0.1616,0.2507853,-0.08918529119491578,-0.014527235,0.23625806
2007-06-19 03:45:00,0.1230666666666666,0.14478709,-0.02172042136987057,-0.019612277,0.1251748
2007-06-19 04:00:00,0.2502666666666667,0.28698114,-0.036714468940099054,-0.009393975,0.27758718
2007-06-19 04:15:00,0.1189333333333333,0.1603202,-0.04138685924212142,-0.008155432,0.15216476
2007-06-19 04:30:00,0.0856,0.13681766,-0.051217663908004765,-0.007906709,0.12891096
2007-06-19 04:45:00,0.1812,0.21569324,-0.03449323539733887,-0.009457365,0.20623587
2007-06-19 05:00:00,0.1849333333333333,0.22004786,-0.03511452800432843,-0.0068524107,0.21319544
2007-06-19 05:15:00,0.1381333333333333,0.18864486,-0.05051152288119001,-0.00758121,0.18106365
2007-06-19 05:30:00,0.2310666666666666,0.27038082,-0.03931415813763944,-0.009464649,0.26091617
2007-06-19 05:45:00,0.2101333333333333,0.2555123,-0.04537896382013959,-0.008128066,0.24738424
2007-06-19 06:00:00,0.2208,0.33822712,-0.11742712302207947,-0.0085624885,0.32966465
2007-06-19 06:15:00,1.9124,1.3594412,0.5529588388442994,-0.020041708,1.3393995
2007-06-19 06:30:00,1.8041333333333331,1.9958829,-0.19174953543345152,0.073980324,2.069863
2007-06-19 06:45:00,1.4536,1.9577159,-0.5041158689498901,0.017552804,1.9752687
2007-06-19 07:00:00,1.3088000000000002,1.4145857,-0.1057857095718382,-0.044606026,1.3699797
2007-06-19 07:15:00,1.4460000000000002,1.3556343,0.09036566829681414,-0.02494287,1.3306915
2007-06-19 07:30:00,1.3605333333333334,1.5963587,-0.23582532354990637,0.008739167,1.6050978
2007-06-19 07:45:00,2.9062666666666668,2.8560598,0.050206877009074,-0.03432965,2.8217301
2007-06-19 08:00:00,1.3318666666666663,1.5381496,-0.2062829285939538,-0.0035237246,1.5346259
2007-06-19 08:15:00,1.2372,1.186374,0.05082605094909676,-0.034137364,1.1522366
2007-06-19 08:30:00,0.4837333333333333,0.537874,-0.05414065004984542,-0.0028044656,0.5350695
2007-06-19 08:45:00,0.2557333333333333,0.50468093,-0.24894759823481244,-0.0061939494,0.498487
2007-06-19 09:00:00,1.4210666666666667,1.6398996,-0.2188329448064168,-0.034729928,1.6051697
2007-06-19 09:15:00,0.8217333333333333,1.1113429,-0.289609573618571,-0.037084088,1.0742588
2007-06-19 09:30:00,0.1254666666666666,0.53267753,-0.407210864575704,-0.042501472,0.49017605
2007-06-19 09:45:00,0.2873333333333334,0.30472502,-0.017391687790552723,-0.048441816,0.2562832
2007-06-19 10:00:00,0.3364,0.36132818,-0.0249281846046448,-0.02599627,0.33533192
2007-06-19 10:15:00,0.3584,0.30909202,0.04930798497200012,-0.01859953,0.29049248
2007-06-19 10:30:00,0.35,0.27981392,0.07018608450889585,0.0028836704,0.2826976
2007-06-19 10:45:00,0.4554666666666666,0.4005316,0.054935076681772776,0.017625295,0.4181569
2007-06-19 11:00:00,0.2506666666666666,0.3377513,-0.08708463247617093,0.018387886,0.35613918
2007-06-19 11:15:00,0.2589333333333333,0.22221276,0.03672057169278459,-0.0022558635,0.2199569
2007-06-19 11:30:00,0.4173333333333333,0.3577059,0.05962744220097854,0.009716568,0.36742246
2007-06-19 11:45:00,0.3953333333333333,0.39968416,-0.004350827614466368,0.016779272,0.41646343
2007-06-19 12:00:00,0.5384888888888889,0.4816534,0.05683549657397802,0.010133412,0.4917868
2007-06-19 12:15:00,1.461911111111111,1.2778014,0.1841097166485255,0.013993028,1.2917944
2007-06-19 12:30:00,1.4584,1.3879067,0.07049332942962638,0.035776217,1.4236829
2007-06-19 12:45:00,0.528,0.6856926,-0.1576926083564758,0.029404059,0.71509665
2007-06-19 13:00:00,0.1509333333333333,0.43151996,-0.2805866220633189,-0.008458847,0.4230611
2007-06-19 13:15:00,0.1686666666666666,0.28524375,-0.11657708295186367,-0.033275127,0.25196862
2007-06-19 13:30:00,0.1925333333333333,0.2845599,-0.09202657219568891,-0.025032507,0.2595274
2007-06-19 13:45:00,0.1717333333333333,0.32096592,-0.14923258258501693,-0.02318943,0.2977765
2007-06-19 14:00:00,0.1629333333333333,0.27586907,-0.11293573815027877,-0.030214762,0.24565431
2007-06-19 14:15:00,0.2117333333333333,0.2993463,-0.08761296464602156,-0.027808217,0.27153808
2007-06-19 14:30:00,0.2765333333333333,0.31293017,-0.036396833388010696,-0.02371611,0.28921404
2007-06-19 14:45:00,0.2309333333333333,0.270547,-0.03961366922060652,-0.015979487,0.2545675
2007-06-19 15:00:00,0.1749333333333333,0.20441732,-0.02948398477236433,-0.014487215,0.1899301
2007-06-19 15:15:00,0.1473333333333333,0.14296104,0.004372293194134985,-0.012426789,0.13053425
2007-06-19 15:30:00,0.2201333333333333,0.25746074,-0.03732740985552474,-0.007266302,0.25019443
2007-06-19 15:45:00,0.2508,0.2877403,-0.03694029016494749,-0.011092383,0.2766479
2007-06-19 16:00:00,0.1768,0.2835632,-0.10676319665908812,-0.012505507,0.2710577
2007-06-19 16:15:00,0.2077333333333333,0.266265,-0.05853167153994246,-0.022969691,0.24329531
2007-06-19 16:30:00,0.3319999999999999,0.41329685,-0.08129684853553781,-0.020320809,0.39297605
2007-06-19 16:45:00,0.3021333333333333,0.3758451,-0.07371177112261457,-0.023717463,0.35212764
2007-06-19 17:00:00,0.2250666666666666,0.30521375,-0.08014708274205531,-0.024018833,0.28119493
2007-06-19 17:15:00,0.2377333333333333,0.29041493,-0.05268159605662032,-0.02684955,0.2635654
2007-06-19 17:30:00,0.3049333333333333,0.37661108,-0.07167775041262314,-0.024019994,0.3525911
2007-06-19 17:45:00,0.2935999999999999,0.4674444,-0.17384439005851754,-0.02683096,0.44061342
2007-06-19 18:00:00,0.4196,0.50763226,-0.08803225555419925,-0.038272265,0.46936
2007-06-19 18:15:00,0.4452,0.4400584,0.005141589832305893,-0.033674877,0.40638354
2007-06-19 18:30:00,0.4576,0.37010944,0.08749056110382081,-0.02018069,0.34992874
2007-06-19 18:45:00,0.6156,0.5997433,0.015856693363189733,-0.0042706747,0.59547263
2007-06-19 19:00:00,0.7405333333333334,0.9744555,-0.23392214247385656,-0.009162244,0.9652932
2007-06-19 19:15:00,0.8412000000000001,0.7676707,0.07352930898666388,-0.046923947,0.72074676
2007-06-19 19:30:00,0.8070666666666667,0.81232995,-0.005263281281789101,-0.012647676,0.79968226
2007-06-19 19:45:00,0.6482666666666667,0.78380704,-0.1355403725941976,-0.01478757,0.7690195
2007-06-19 20:00:00,0.5853333333333333,0.71891207,-0.13357873169581103,-0.034576543,0.68433553
2007-06-19 20:15:00,0.5542666666666667,0.6263834,-0.07211675713857013,-0.04593728,0.5804461
2007-06-19 20:30:00,0.7882666666666667,0.52189606,0.26637060238520305,-0.038551606,0.48334447
2007-06-19 20:45:00,1.008133333333333,0.82579905,0.18233428538640317,0.018187284,0.84398633
2007-06-19 21:00:00,1.0508,1.060851,-0.010050977897644087,0.03546514,1.0963161
2007-06-19 21:15:00,1.6258666666666666,1.7501704,-0.1243036834081015,0.009621609,1.759792
2007-06-19 21:30:00,1.9614666666666667,1.8943357,0.06713091990152997,-0.024984721,1.869351
2007-06-19 21:45:00,1.6457333333333333,1.5913424,0.05439088414510085,0.001706593,1.593049
2007-06-19 22:00:00,0.6123999999999999,1.1481584,-0.5357584310531617,0.005766045,1.1539245
2007-06-19 22:15:00,0.5742666666666667,0.5466349,0.027631754175821976,-0.07317357,0.47346133
2007-06-19 22:30:00,0.5296000000000001,0.42718878,0.10241121611595161,-0.02893578,0.398253
2007-06-19 22:45:00,0.6506666666666666,0.36656532,0.28410134975115453,0.0012475864,0.3678129
2007-06-19 23:00:00,0.7549333333333333,0.6186762,0.1362571477254232,0.053146776,0.67182297
2007-06-19 23:15:00,0.8008000000000001,0.67250705,0.12829295234680183,0.05284166,0.7253487
2007-06-19 23:30:00,0.4393333333333333,0.6586995,-0.21936617914835616,0.048725694,0.70742524
2007-06-19 23:45:00,0.222,0.3662658,-0.14426580357551574,-0.02418558,0.34208024
2007-06-20 00:00:00,0.2277333333333333,0.29242903,-0.06469569660822555,-0.034637433,0.2577916
2007-06-20 00:15:00,0.1682666666666666,0.25762755,-0.08936088012059537,-0.02700597,0.23062158
2007-06-20 00:30:00,0.09,0.16584024,-0.07584023833274842,-0.030088931,0.1357513
2007-06-20 00:45:00,0.1558666666666666,0.22032426,-0.06445759630997983,-0.032587204,0.18773706
2007-06-20 01:00:00,0.2572,0.35180262,-0.09460261731147768,-0.029730737,0.32207188
2007-06-20 01:15:00,0.1484,0.24629551,-0.0978955117225647,-0.030751234,0.21554428
2007-06-20 01:30:00,0.1678666666666667,0.21069698,-0.04283031369050341,-0.03193051,0.17876647
2007-06-20 01:45:00,0.2601333333333333,0.29991674,-0.03978341089884441,-0.021585926,0.2783308
2007-06-20 02:00:00,0.2262666666666666,0.29208595,-0.0658192789395651,-0.01803868,0.27404726
2007-06-20 02:15:00,0.0922666666666666,0.13361299,-0.0413463237126669,-0.020622035,0.11299095
2007-06-20 02:30:00,0.0949333333333333,0.13770403,-0.0427706963459651,-0.017470913,0.12023312
2007-06-20 02:45:00,0.2134666666666666,0.26566723,-0.052200563224156754,-0.01715482,0.24851242
2007-06-20 03:00:00,0.1806666666666666,0.21399677,-0.03333010133107511,-0.018639239,0.19535753
2007-06-20 03:15:00,0.084,0.13171527,-0.047715267896652216,-0.017464437,0.11425083
2007-06-20 03:30:00,0.2054666666666666,0.2501085,-0.044641843589146996,-0.019834816,0.2302737
2007-06-20 03:45:00,0.2453333333333333,0.2677008,-0.02236745802561446,-0.020182315,0.24751848
2007-06-20 04:00:00,0.2372,0.26864773,-0.03144773035049439,-0.017734822,0.2509129
2007-06-20 04:15:00,0.1282666666666666,0.15863211,-0.030365447862943068,-0.018725757,0.13990636
2007-06-20 04:30:00,0.1089333333333333,0.13717037,-0.028237041060129836,-0.018613549,0.11855683
2007-06-20 04:45:00,0.1738666666666666,0.21064551,-0.03677884507973994,-0.017292343,0.19335318
2007-06-20 05:00:00,0.1785333333333333,0.21460249,-0.03606915196577712,-0.017646285,0.1969562
2007-06-20 05:15:00,0.1294666666666666,0.1624547,-0.032988027842839635,-0.018110733,0.14434396
2007-06-20 05:30:00,0.0841333333333333,0.14977369,-0.06564035379091902,-0.017654628,0.13211906
2007-06-20 05:45:00,0.2524,0.2838297,-0.03142968902587889,-0.021772236,0.26205745
2007-06-20 06:00:00,0.2872,0.36027843,-0.07307842760086058,-0.018309115,0.3419693
2007-06-20 06:15:00,0.9944,0.3620716,0.6323283964633941,-0.022230888,0.3398407
2007-06-20 06:30:00,0.6112,0.73630637,-0.12510636930465702,0.047634613,0.783941
2007-06-20 06:45:00,0.4205333333333333,0.7188439,-0.2983105439821879,0.009527771,0.7283716
2007-06-20 07:00:00,1.3587999999999998,1.4568621,-0.09806209201812766,-0.035674717,1.4211874
2007-06-20 07:15:00,1.3032,1.7126439,-0.40944386177062997,-0.02638835,1.6862555
2007-06-20 07:30:00,1.9158666666666664,2.5849404,-0.6690737668355309,-0.052458197,2.5324821
2007-06-20 07:45:00,2.1044,2.2680469,-0.16364685592651362,-0.061645117,2.2064018
2007-06-20 08:00:00,1.298266666666667,1.5065681,-0.2083014075597125,-0.04716929,1.4593987
2007-06-20 08:15:00,1.3010666666666668,1.3457655,-0.04469880479176824,-0.050392415,1.2953731
2007-06-20 08:30:00,1.4096,1.597282,-0.18768205204010013,-0.035827693,1.5614544
2007-06-20 08:45:00,1.8430666666666664,2.175884,-0.33281734174092636,-0.040967986,2.134916
2007-06-20 09:00:00,2.2626666666666666,2.3277583,-0.06509164555867519,-0.04899406,2.2787642
2007-06-20 09:15:00,0.7861333333333334,1.5568551,-0.7707217491785685,-0.032262042,1.524593
2007-06-20 09:30:00,0.2276,0.53315514,-0.3055551432609558,-0.061295703,0.47185946
2007-06-20 09:45:00,0.1241333333333333,0.15173882,-0.027605489126841257,-0.04772498,0.104013845
2007-06-20 10:00:00,0.152,0.1411269,0.01087309908866882,-0.037351776,0.10377513
2007-06-20 10:15:00,0.3249333333333333,0.30346856,0.021464778121312422,-0.026745288,0.27672327
2007-06-20 10:30:00,0.3170666666666666,0.28010756,0.03695910889307652,-0.0145796705,0.26552787
2007-06-20 10:45:00,0.1964,0.21661764,-0.02021764383316041,-0.013990954,0.20262669
2007-06-20 11:00:00,0.3553333333333333,0.20505199,0.1502813449700673,-0.021353742,0.18369825
2007-06-20 11:15:00,0.352,0.2017627,0.15023729395866392,0.005763542,0.20752625
2007-06-20 11:30:00,0.3898666666666666,0.27738878,0.11247788535753878,0.013738057,0.29112685
2007-06-20 11:45:00,0.3429333333333333,0.19985086,0.1430824760754903,0.01488532,0.21473618
2007-06-20 12:00:00,0.3188,0.2570084,0.06179159646034238,0.021332901,0.2783413
2007-06-20 12:15:00,0.4604,0.35381582,0.10658417620658872,0.012306729,0.36612254
2007-06-20 12:30:00,0.5330666666666667,0.56176025,-0.02869358008702594,0.014189331,0.57594955
2007-06-20 12:45:00,0.4121333333333333,0.49867186,-0.08653852616945906,-0.0062252004,0.49244666
2007-06-20 13:00:00,0.3134666666666666,0.21268831,0.10077835473219549,-0.01548708,0.19720124
2007-06-20 13:15:00,0.4114666666666666,0.28157172,0.12989495059649142,0.0076177674,0.2891895
2007-06-20 13:30:00,0.4617333333333333,0.34507203,0.11666130231221511,0.019085582,0.36415762
2007-06-20 13:45:00,0.3481333333333333,0.31986457,0.028268762238820355,0.023006862,0.34287143
2007-06-20 14:00:00,0.3704,0.25903463,0.1113653663635254,0.013049091,0.27208373
2007-06-20 14:15:00,0.5150666666666667,0.41582343,0.09924323684374492,0.022393491,0.43821692
2007-06-20 14:30:00,0.5865333333333334,0.47106713,0.11546620276769004,0.025155474,0.49622262
2007-06-20 14:45:00,0.9273333333333332,0.44914222,0.47819111569722483,0.028897785,0.47804
2007-06-20 15:00:00,0.4432,0.5928768,-0.14967679195404054,0.08769842,0.6805752
2007-06-20 15:15:00,1.5181333333333331,1.4016991,0.11643426717122374,0.024461754,1.4261608
2007-06-20 15:30:00,1.4444,1.3323326,0.11206738891601553,0.03505999,1.3673925
2007-06-20 15:45:00,1.37,1.2107651,0.15923487663269054,0.03630215,1.2470672
2007-06-20 16:00:00,1.0765333333333331,1.194444,-0.11791060778299989,0.049735054,1.244179
2007-06-20 16:15:00,0.2506666666666666,0.7205911,-0.46992446120580045,-0.0092146015,0.71137655
2007-06-20 16:30:00,0.1613333333333333,0.18652277,-0.025189433614412976,-0.050711673,0.13581109
2007-06-20 16:45:00,0.2093333333333333,0.20090416,0.008429172595341955,-0.026871633,0.17403252
2007-06-20 17:00:00,0.3230666666666666,0.38416442,-0.06109775608380641,-0.01858772,0.3655767
2007-06-20 17:15:00,0.2497333333333333,0.2930985,-0.04336517597834272,-0.02246399,0.27063453
2007-06-20 17:30:00,0.1189333333333333,0.14577025,-0.02683691841761275,-0.018639175,0.12713107
2007-06-20 17:45:00,0.1702666666666666,0.20248093,-0.03221426044305173,-0.012881732,0.1895992
2007-06-20 18:00:00,0.2248,0.31788766,-0.09308766384124756,-0.01142439,0.30646327
2007-06-20 18:15:00,0.2038666666666666,0.2861357,-0.082269036658605,-0.019017637,0.26711807
2007-06-20 18:30:00,0.1746666666666666,0.2067759,-0.03210923703511562,-0.019015102,0.1877608
2007-06-20 18:45:00,0.2514666666666666,0.33641857,-0.08495190242131556,-0.011976451,0.32444212
2007-06-20 19:00:00,0.7156,0.4943617,0.2212383013725281,-0.018713927,0.47564778
2007-06-20 19:15:00,1.8805333333333327,1.4519619,0.4285714583714797,0.024930285,1.4768921
2007-06-20 19:30:00,1.652,1.6403188,0.01168124866485587,0.09188944,1.7322083
2007-06-20 19:45:00,2.1129333333333333,2.2817938,-0.16886049944559733,0.05380365,2.3355975
2007-06-20 20:00:00,2.9306666666666668,3.9651928,-1.034526128133138,-0.011548169,3.9536445
2007-06-20 20:15:00,1.7554666666666667,2.5454555,-0.7899887891133626,-0.079189576,2.466266
2007-06-20 20:30:00,1.6692,1.6462177,0.022982296180725115,-0.075688824,1.5705289
2007-06-20 20:45:00,1.8198666666666663,1.7868909,0.03297580229441288,-0.04497591,1.741915
2007-06-20 21:00:00,4.899466666666667,4.7074447,0.19202199885050497,-0.03987114,4.6675735
2007-06-20 21:15:00,2.268533333333333,2.8927443,-0.6242109694163007,0.0111321565,2.9038765
2007-06-20 21:30:00,2.6150666666666664,2.345147,0.2699197722117104,-0.070120774,2.275026
2007-06-20 21:45:00,3.1733333333333333,2.9159687,0.25736467679341635,0.012107525,2.9280763
2007-06-20 22:00:00,1.6904,1.8983619,-0.2079619213104249,0.056466974,1.9548289
2007-06-20 22:15:00,2.049333333333333,2.5721133,-0.5227799421946213,-0.020625692,2.5514877
2007-06-20 22:30:00,0.3654666666666666,1.0264403,-0.660973596127828,-0.06902189,0.9574184
2007-06-20 22:45:00,0.3434666666666667,0.49166152,-0.14819485214551287,-0.08009368,0.41156784
2007-06-20 23:00:00,0.2950666666666667,0.32392123,-0.02885456674893694,-0.06415013,0.2597711
2007-06-20 23:15:00,0.2522666666666666,0.3046323,-0.052365639432271405,-0.055453837,0.24917847
2007-06-20 23:30:00,0.2026666666666666,0.2895132,-0.08684653385480251,-0.052194532,0.23731866
2007-06-20 23:45:00,0.2894666666666667,0.32923594,-0.03976927450497941,-0.04457702,0.2846589
2007-06-21 00:00:00,0.2864,0.33641276,-0.05001275763511659,-0.040535394,0.29587737
2007-06-21 00:15:00,0.1214666666666666,0.1638783,-0.04241164007981625,-0.038490623,0.12538768
2007-06-21 00:30:00,0.1370666666666666,0.1523706,-0.015303935225804727,-0.03785125,0.11451935
2007-06-21 00:45:00,0.2712,0.28905818,-0.017858178663253788,-0.034657747,0.25440043
2007-06-21 01:00:00,0.1857333333333333,0.21168621,-0.02595287551085157,-0.034080993,0.17760521
2007-06-21 01:15:00,0.108,0.13260359,-0.024603585720062257,-0.034593675,0.098009914
2007-06-21 01:30:00,0.1856,0.20452486,-0.018924859786033643,-0.034072846,0.17045201
2007-06-21 01:45:00,0.2518666666666667,0.27075395,-0.018887283213933292,-0.033334665,0.23741928
2007-06-21 02:00:00,0.1449333333333333,0.16120028,-0.01626695162455244,-0.033820484,0.1273798
2007-06-21 02:15:00,0.1345333333333333,0.1401916,-0.005658266393343631,-0.033715546,0.10647605
2007-06-21 02:30:00,0.1969333333333333,0.20875336,-0.011820028964678486,-0.032583028,0.17617033
2007-06-21 02:45:00,0.2889333333333333,0.29312274,-0.004189405266443902,-0.03201731,0.26110542
2007-06-21 03:00:00,0.24,0.25383916,-0.013839164972305307,-0.029866222,0.22397295
2007-06-21 03:15:00,0.2292,0.24401172,-0.014811715054512037,-0.030223818,0.2137879
2007-06-21 03:30:00,0.2227999999999999,0.24781398,-0.025013984751701468,-0.029356625,0.21845736
2007-06-21 03:45:00,0.2922666666666667,0.31313503,-0.020868361218770337,-0.029893745,0.28324127
2007-06-21 04:00:00,0.2605333333333333,0.30326134,-0.042728006331125945,-0.028425587,0.27483577
2007-06-21 04:15:00,0.178,0.22396034,-0.04596034002304078,-0.030265264,0.19369507
2007-06-21 04:30:00,0.2277333333333333,0.24412844,-0.016395102516810145,-0.030878684,0.21324976
2007-06-21 04:45:00,0.3426666666666667,0.43850398,-0.09583731396993,-0.026761156,0.41174284
2007-06-21 05:00:00,0.2022666666666666,0.26865178,-0.06638511679967252,-0.029850587,0.2388012
2007-06-21 05:15:00,0.142,0.15617792,-0.014177923083305372,-0.026111891,0.13006604
2007-06-21 05:30:00,0.2204,0.2401238,-0.019723793482780444,-0.019606618,0.22051717
2007-06-21 05:45:00,1.1306666666666667,1.2221107,-0.09144408162434892,-0.016276004,1.2058347
2007-06-21 06:00:00,1.2413333333333334,1.5366879,-0.29535451761881504,-0.023048542,1.5136393
2007-06-21 06:15:00,1.3866666666666667,1.7888931,-0.4022264369328816,-0.039597683,1.7492955
2007-06-21 06:30:00,1.6150666666666669,1.74701,-0.13194332593282043,-0.048801247,1.6982087
2007-06-21 06:45:00,3.762133333333333,2.2481625,1.5139708253224686,-0.034861173,2.2133014
2007-06-21 07:00:00,1.3693333333333333,2.3148422,-0.9455088907877605,0.110125,2.4249673
2007-06-21 07:15:00,1.3150666666666666,1.3829546,-0.06788793080647793,-0.048782364,1.3341722
2007-06-21 07:30:00,1.394,1.3437725,0.05022746944427481,-0.02856024,1.3152122
2007-06-21 07:45:00,1.3584,1.5975716,-0.2391716114044189,-0.0029655928,1.594606
2007-06-21 08:00:00,1.3254666666666668,1.3207229,0.004743729082743453,-0.039964493,1.2807585
2007-06-21 08:15:00,1.2897333333333334,1.3552663,-0.06553299929300938,-0.02152299,1.3337433
2007-06-21 08:30:00,1.2928,1.3306648,-0.037864753913879445,-0.042477224,1.2881875
2007-06-21 08:45:00,0.5884,0.84111995,-0.25271994504928585,-0.041269194,0.79985076
2007-06-21 09:00:00,0.2653333333333333,0.5527305,-0.2873971673647563,-0.05485492,0.49787557
2007-06-21 09:15:00,0.1929333333333333,0.2574531,-0.06451978046099349,-0.058137394,0.19931573
2007-06-21 09:30:00,0.2492,0.25844952,-0.009249524641036982,-0.045035284,0.21341424
2007-06-21 09:45:00,0.3494666666666666,0.5134336,-0.1639669089635214,-0.041338373,0.4720952
2007-06-21 10:00:00,0.2173333333333333,0.28532892,-0.06799559132258101,-0.04912723,0.2362017
2007-06-21 10:15:00,0.1596,0.21322149,-0.0536214903831482,-0.04394456,0.16927692
2007-06-21 10:30:00,0.2233333333333333,0.25839698,-0.03506364981333418,-0.04205131,0.21634567
2007-06-21 10:45:00,0.2525333333333333,0.29283112,-0.04029778954188035,-0.038429752,0.2544014
2007-06-21 11:00:00,0.13,0.14874384,-0.018743838071823116,-0.037484646,0.11125919
2007-06-21 11:15:00,0.1474666666666667,0.16535333,-0.017886661322911557,-0.034807675,0.13054565
2007-06-21 11:30:00,0.2297333333333333,0.2712943,-0.04156096245447799,-0.03277309,0.2385212
2007-06-21 11:45:00,0.2161333333333333,0.25685048,-0.04071714769999191,-0.033918984,0.2229315
2007-06-21 12:00:00,0.1449333333333333,0.17655094,-0.03161760634581251,-0.034252953,0.14229798
2007-06-21 12:15:00,0.1796,0.21052195,-0.03092195131778716,-0.032607093,0.17791486
2007-06-21 12:30:00,0.1710666666666666,0.20137618,-0.030309518154462256,-0.032319535,0.16905665
2007-06-21 12:45:00,0.2472,0.2745473,-0.027347308683395383,-0.031064028,0.24348328
2007-06-21 13:00:00,0.2968,0.3065838,-0.009783791971206657,-0.029762367,0.27682143
2007-06-21 13:15:00,0.2058666666666666,0.26671752,-0.060850856669743936,-0.022539968,0.24417755
2007-06-21 13:30:00,0.2421333333333333,0.2685729,-0.02643956338564557,-0.020829994,0.2477429
2007-06-21 13:45:00,0.3370666666666667,0.38268405,-0.04561738532384235,-0.017451698,0.36523235
2007-06-21 14:00:00,0.2533333333333333,0.32615396,-0.0728206304709117,-0.016622724,0.30953124
2007-06-21 14:15:00,0.1890666666666666,0.26393428,-0.07486761778195705,-0.017149916,0.24678437
2007-06-21 14:30:00,0.2610666666666666,0.28685814,-0.025791474755605115,-0.018314095,0.26854405
2007-06-21 14:45:00,0.3542666666666667,0.4734366,-0.11916992734273274,-0.014154541,0.45928204
2007-06-21 15:00:00,0.2170666666666666,0.2871167,-0.07005003970464077,-0.024386596,0.26273012
2007-06-21 15:15:00,0.1894666666666666,0.25382358,-0.06435691169102994,-0.018207919,0.23561566
2007-06-21 15:30:00,0.2424,0.2658891,-0.02348910818099975,-0.0174218,0.24846731
2007-06-21 15:45:00,0.2617333333333333,0.31116748,-0.04943414522806805,-0.012298256,0.29886922
2007-06-21 16:00:00,0.1417333333333333,0.1735384,-0.031805068389574725,-0.015643217,0.15789518
2007-06-21 16:15:00,0.1365333333333333,0.15137962,-0.014846281735102357,-0.011189234,0.14019038
2007-06-21 16:30:00,0.2435999999999999,0.25853643,-0.014936428213119607,-0.008330057,0.25020638
2007-06-21 16:45:00,0.2181333333333333,0.24716005,-0.02902671395937606,-0.0064169676,0.24074309
2007-06-21 17:00:00,0.1502666666666666,0.1698977,-0.019631038649876975,-0.0075486577,0.16234905
2007-06-21 17:15:00,0.1957333333333333,0.21598095,-0.02024761368433639,-0.0063634934,0.20961745
2007-06-21 17:30:00,0.21,0.23179883,-0.02179882764816285,-0.006418853,0.22537997
2007-06-21 17:45:00,0.5338666666666667,0.4839165,0.049950175396601404,-0.0069851857,0.4769313
2007-06-21 18:00:00,1.300266666666667,1.3662161,-0.06594939683278378,0.0027938243,1.3690099
2007-06-21 18:15:00,0.9124,1.0920775,-0.17967749366760255,-0.009493207,1.0825843
2007-06-21 18:30:00,0.2538666666666666,0.6923278,-0.43846113074620574,-0.02836875,0.663959
2007-06-21 18:45:00,0.3421333333333333,0.47417742,-0.13204408680597945,-0.048988186,0.42518923
2007-06-21 19:00:00,0.3082666666666666,0.4625179,-0.15425122068723052,-0.03512701,0.42739087
2007-06-21 19:15:00,0.1925333333333333,0.35381,-0.16127667900721235,-0.03840188,0.31540814
2007-06-21 19:30:00,0.224,0.33516622,-0.11116621589660644,-0.042100932,0.29306528
2007-06-21 19:45:00,0.5422666666666667,0.93878764,-0.3965209724744161,-0.03905261,0.89973503
2007-06-21 20:00:00,0.5210666666666667,0.7547262,-0.2336595048268636,-0.054323826,0.7004023
2007-06-21 20:15:00,0.2945333333333333,0.4925598,-0.19802645727793378,-0.046500422,0.44605938
2007-06-21 20:30:00,0.3238666666666666,0.36972862,-0.04586195815404265,-0.04278231,0.32694632
2007-06-21 20:45:00,0.4969333333333333,0.4905551,0.0063782257397969055,-0.025059318,0.4654958
2007-06-21 21:00:00,0.3216,0.5731519,-0.2515518864631653,-0.0145453615,0.5586065
2007-06-21 21:15:00,1.9213333333333331,2.0653682,-0.14403484217325868,-0.047963444,2.0174048
2007-06-21 21:30:00,1.9006666666666667,2.0483906,-0.1477239602406819,-0.032816507,2.0155742
2007-06-21 21:45:00,1.0913333333333337,1.1851017,-0.09376841417948367,-0.041150324,1.1439514
2007-06-21 22:00:00,0.828,0.8659374,-0.037937411785125774,-0.035922345,0.83001506
2007-06-21 22:15:00,2.060666666666666,2.2653162,-0.20464958127339727,-0.025835175,2.239481
2007-06-21 22:30:00,3.7889333333333335,3.5758338,0.2130995358784995,-0.041673902,3.53416
2007-06-21 22:45:00,1.989866666666667,2.677232,-0.6873653603871661,0.020994311,2.6982265
2007-06-21 23:00:00,1.0428,1.4743037,-0.43150372238159185,-0.07197201,1.4023317
2007-06-21 23:15:00,0.2930666666666666,0.80632246,-0.5132557887395224,-0.06346901,0.74285346
2007-06-21 23:30:00,0.3334666666666666,0.515139,-0.1816723170598349,-0.06934419,0.4457948
2007-06-21 23:45:00,0.3169333333333333,0.44399554,-0.12706220204035445,-0.04754255,0.396453
2007-06-22 00:00:00,0.2128,0.28271696,-0.06991695971488954,-0.04319803,0.23951893
2007-06-22 00:15:00,0.3526666666666667,0.37986952,-0.027202853997548404,-0.025121083,0.35474843
2007-06-22 00:30:00,0.3048,0.32516313,-0.020363125991821274,-0.012043225,0.3131199
2007-06-22 00:45:00,0.2957333333333333,0.3296725,-0.03393915225664779,-0.01453414,0.31513834
2007-06-22 01:00:00,0.2344,0.26563245,-0.031232450580596927,-0.019570405,0.24606204
2007-06-22 01:15:00,0.2452,0.2812348,-0.036034800815582274,-0.022258935,0.25897586
2007-06-22 01:30:00,0.2798666666666667,0.3130245,-0.03315782440503434,-0.02532819,0.2876963
2007-06-22 01:45:00,0.3005333333333333,0.3338165,-0.03328316518465679,-0.026871016,0.30694547
2007-06-22 02:00:00,0.2601333333333333,0.29571816,-0.035584829918543504,-0.028365104,0.26735306
2007-06-22 02:15:00,0.1410666666666666,0.16732477,-0.026258099850018896,-0.02912351,0.13820125
2007-06-22 02:30:00,0.2224,0.22498843,-0.00258843073844911,-0.028740332,0.1962481
2007-06-22 02:45:00,0.2781333333333333,0.2905502,-0.012416868797938074,-0.02570519,0.264845
2007-06-22 03:00:00,0.1432,0.14587364,-0.002673636007308966,-0.025635263,0.12023837
2007-06-22 03:15:00,0.1344,0.13392848,0.000471522235870353,-0.024017558,0.10991092
2007-06-22 03:30:00,0.28,0.28121635,-0.0012163531780242653,-0.023072578,0.25814378
2007-06-22 03:45:00,0.2282666666666666,0.25765026,-0.029383589490254797,-0.022602754,0.2350475
2007-06-22 04:00:00,0.1342666666666666,0.13869072,-0.0044240583022436275,-0.025984595,0.11270613
2007-06-22 04:15:00,0.1667999999999999,0.15739946,0.009400539326667678,-0.023036262,0.1343632
2007-06-22 04:30:00,0.2778666666666666,0.2808322,-0.002965534575780304,-0.020020396,0.2608118
2007-06-22 04:45:00,1.1298666666666668,1.0780939,0.05177278029123955,-0.020661548,1.0574323
2007-06-22 05:00:00,1.2941333333333334,1.4120154,-0.11788210474650063,-0.012389879,1.3996255
2007-06-22 05:15:00,0.9062666666666668,1.0601783,-0.1539116132100422,-0.029756084,1.0304222
2007-06-22 05:30:00,0.3092,0.58383554,-0.2746355422019959,-0.03725974,0.5465758
2007-06-22 05:45:00,0.2650666666666667,0.28686953,-0.021802859242757155,-0.048291992,0.23857753
2007-06-22 06:00:00,0.338,0.38571748,-0.04771748137474058,-0.023344688,0.3623728
2007-06-22 06:15:00,0.3474666666666666,0.38297686,-0.03551019314130155,-0.01965866,0.3633182
2007-06-22 06:30:00,1.4162666666666666,0.4404478,0.9758188593546548,-0.013144202,0.4273036
2007-06-22 06:45:00,0.4430666666666666,0.88907725,-0.4460105795224508,0.10800593,0.9970832
2007-06-22 07:00:00,0.2630666666666666,0.41709137,-0.15402470296223963,-0.006940548,0.41015083
2007-06-22 07:15:00,0.2617333333333333,0.32903475,-0.06730141235987347,-0.013537661,0.31549707
2007-06-22 07:30:00,1.4598666666666666,1.298845,0.16102161394755043,-0.014015566,1.2848295
2007-06-22 07:45:00,1.2952,1.6420549,-0.3468549154281617,0.029363776,1.6714187
2007-06-22 08:00:00,1.1585333333333334,1.2762527,-0.11771941324869784,-0.049806807,1.2264459
2007-06-22 08:15:00,1.2354666666666667,1.3752251,-0.13975840047200516,-0.047144745,1.3280803
2007-06-22 08:30:00,1.2762666666666669,1.3521366,-0.07586994527180968,-0.0475856,1.304551
2007-06-22 08:45:00,1.203733333333333,1.2243048,-0.020571461931864654,-0.038970705,1.1853341
2007-06-22 09:00:00,1.2133333333333334,1.2245338,-0.01120046297709143,-0.028515268,1.1960186
2007-06-22 09:15:00,1.2142666666666666,1.2123926,0.0018740980784097694,-0.024303338,1.1880893
2007-06-22 09:30:00,1.1085333333333334,1.1865722,-0.0780388607660929,-0.021128785,1.1654434
2007-06-22 09:45:00,0.1794666666666667,0.59864175,-0.41917508653004965,-0.030797226,0.5678445
2007-06-22 10:00:00,0.2435999999999999,0.24820282,-0.004602815651893716,-0.05474437,0.19345844
2007-06-22 10:15:00,0.2344,0.25471798,-0.02031797585487366,-0.03398117,0.2207368
2007-06-22 10:30:00,0.3030666666666666,0.327739,-0.024672333653767975,-0.02760321,0.3001358
2007-06-22 10:45:00,0.2709333333333333,0.34294918,-0.07201584846178694,-0.02392613,0.31902304
2007-06-22 11:00:00,0.1877333333333333,0.26646733,-0.07873399950663251,-0.028728675,0.23773865
2007-06-22 11:15:00,0.2355999999999999,0.2832289,-0.047628904008865464,-0.0327248,0.2505041
2007-06-22 11:30:00,0.3524,0.5464859,-0.19408590087890626,-0.030534107,0.5159518
2007-06-22 11:45:00,0.2086666666666666,0.2955192,-0.08685253628094997,-0.041377265,0.25414193
2007-06-22 12:00:00,0.1888,0.26186898,-0.07306898350715638,-0.03548754,0.22638145
2007-06-22 12:15:00,0.2942666666666666,0.339669,-0.045402322514851934,-0.032497887,0.3071711
2007-06-22 12:30:00,0.2429333333333333,0.3324886,-0.08955526310602827,-0.028655972,0.30383262
2007-06-22 12:45:00,0.1266666666666666,0.1794153,-0.05274863382180539,-0.031711515,0.14770378
2007-06-22 13:00:00,0.1589333333333333,0.18666367,-0.027730338994662013,-0.023495015,0.16316865
2007-06-22 13:15:00,0.2109333333333333,0.2563897,-0.04545637399355573,-0.017632853,0.23875685
2007-06-22 13:30:00,0.2216,0.26864797,-0.047047968769073495,-0.016627807,0.25202015
2007-06-22 13:45:00,0.1792,0.23083651,-0.05163651065826416,-0.016864171,0.21397234
2007-06-22 14:00:00,0.1422666666666666,0.17942706,-0.037160390837987334,-0.016650224,0.16277683
2007-06-22 14:15:00,0.1849333333333333,0.21913014,-0.03419681018988294,-0.014600152,0.20452999
2007-06-22 14:30:00,0.2468,0.28530037,-0.0385003740310669,-0.014284536,0.27101582
2007-06-22 14:45:00,0.1624,0.22115652,-0.058756522631645214,-0.014692657,0.20646387
2007-06-22 15:00:00,0.1842666666666666,0.22309975,-0.03883308659394588,-0.016660454,0.2064393
2007-06-22 15:15:00,0.2793333333333333,0.3096874,-0.030354072491327933,-0.01491559,0.29477182
2007-06-22 15:30:00,0.3490666666666666,0.48364326,-0.13457659691174834,-0.013005517,0.47063774
2007-06-22 15:45:00,0.1922666666666666,0.28590515,-0.09363848589261378,-0.024792124,0.26111302
2007-06-22 16:00:00,0.1921333333333333,0.2688972,-0.07676387225786849,-0.023650791,0.24524641
2007-06-22 16:15:00,0.3289333333333333,0.38421214,-0.05527880293528242,-0.020657213,0.36355492
2007-06-22 16:30:00,0.2850666666666666,0.37074357,-0.085676906045278,-0.016962113,0.35378146
2007-06-22 16:45:00,0.1921333333333333,0.26920238,-0.07706904803911849,-0.021872329,0.24733005
2007-06-22 17:00:00,0.2362666666666666,0.3020702,-0.06580353377660123,-0.021240499,0.2808297
2007-06-22 17:15:00,0.2924,0.35730428,-0.06490427503585816,-0.019167395,0.33813688
2007-06-22 17:30:00,0.2018666666666666,0.27675942,-0.07489274919827785,-0.018274898,0.2584845
2007-06-22 17:45:00,0.1548,0.2264256,-0.07162560303211213,-0.020222163,0.20620345
2007-06-22 18:00:00,0.1566666666666666,0.24392138,-0.08725471754868833,-0.020357285,0.2235641
2007-06-22 18:15:00,0.2112,0.31569296,-0.1044929612159729,-0.021537973,0.294155
2007-06-22 18:30:00,0.6424,0.6526221,-0.010222103691101103,-0.023972763,0.62864935
2007-06-22 18:45:00,1.2278666666666669,1.3575372,-0.12967048371632872,-0.012304469,1.3452327
2007-06-22 19:00:00,1.1705333333333334,1.2099053,-0.03937193342844636,-0.024761733,1.1851436
2007-06-22 19:15:00,0.2189333333333333,0.70964247,-0.4907091365496318,-0.013423009,0.69621944
2007-06-22 19:30:00,0.2603999999999999,0.33401248,-0.07361247859001169,-0.056557838,0.27745464
2007-06-22 19:45:00,0.1202666666666666,0.22298124,-0.10271457765897121,-0.02808314,0.1948981
2007-06-22 20:00:00,0.2054666666666666,0.29274428,-0.08727761224110928,-0.028265247,0.26447904
2007-06-22 20:15:00,0.3469333333333333,0.45627293,-0.10933959657351178,-0.019920845,0.43635207
2007-06-22 20:30:00,0.272,0.37774917,-0.10574917483329771,-0.025403569,0.35234562
2007-06-22 20:45:00,0.194,0.3041101,-0.11011010980606079,-0.02593215,0.27817795
2007-06-22 21:00:00,0.2334666666666666,0.39068323,-0.15721656707127896,-0.029486706,0.36119652
2007-06-22 21:15:00,0.3086666666666666,0.54473984,-0.23607317574818937,-0.03534616,0.5093937
2007-06-22 21:30:00,0.2512,0.41042554,-0.15922554378509524,-0.04700222,0.36342332
2007-06-22 21:45:00,0.2270666666666666,0.3726262,-0.14555951875050868,-0.040101267,0.33252493
2007-06-22 22:00:00,0.2210666666666666,0.34900725,-0.1279405822118124,-0.038305894,0.31070137
2007-06-22 22:15:00,0.2908,0.47469103,-0.18389103336334228,-0.036217168,0.43847388
2007-06-22 22:30:00,0.2088,0.39044493,-0.18164493436813353,-0.041242357,0.34920257
2007-06-22 22:45:00,0.168,0.26201144,-0.09401143860816955,-0.045502577,0.21650887
2007-06-22 23:00:00,0.1314666666666666,0.1879305,-0.056463827880223666,-0.030396592,0.1575339
2007-06-22 23:15:00,0.2372,0.2658427,-0.02864270596504212,-0.019841513,0.2460012
2007-06-22 23:30:00,0.2293333333333333,0.29905114,-0.06971780244509382,-0.0075478093,0.29150334
2007-06-22 23:45:00,0.1231999999999999,0.16317393,-0.039973928856849764,-0.015158193,0.14801574
2007-06-23 00:00:00,0.1385333333333333,0.1457294,-0.0071960594336192285,-0.014484638,0.13124475
2007-06-23 00:15:00,0.2882666666666666,0.31327748,-0.02501081631978358,-0.0104670795,0.3028104
2007-06-23 00:30:00,0.1570666666666666,0.16671084,-0.009644172008832358,-0.014383332,0.15232751
2007-06-23 00:45:00,0.1215999999999999,0.1403967,-0.018796699309349157,-0.01627096,0.12412574
2007-06-23 01:00:00,0.254,0.26722988,-0.013229884862899777,-0.019612616,0.24761727
2007-06-23 01:15:00,0.306,0.3077118,-0.0017118098735809384,-0.019447131,0.2882647
2007-06-23 01:30:00,0.2228,0.2632978,-0.04049779624938965,-0.018664172,0.24463363
2007-06-23 01:45:00,0.2377333333333333,0.25696766,-0.019234330431620317,-0.023700107,0.23326756
2007-06-23 02:00:00,0.2336,0.26010582,-0.02650581851005554,-0.022016997,0.23808882
2007-06-23 02:15:00,0.2869333333333333,0.32038987,-0.03345653349558514,-0.021489121,0.29890075
2007-06-23 02:30:00,0.2514666666666666,0.27800086,-0.026534194739659678,-0.022078963,0.2559219
2007-06-23 02:45:00,0.2128,0.25994354,-0.04714354486465455,-0.022304144,0.2376394
2007-06-23 03:00:00,0.2281333333333333,0.25740856,-0.02927522598902388,-0.024728771,0.23267978
2007-06-23 03:15:00,0.2670666666666667,0.2962471,-0.029180428202946973,-0.022784466,0.27346262
2007-06-23 03:30:00,0.1724,0.20710076,-0.0347007639169693,-0.022043891,0.18505687
2007-06-23 03:45:00,0.1204,0.14156587,-0.02116587421894074,-0.021864623,0.11970125
2007-06-23 04:00:00,0.1813333333333333,0.2055732,-0.024239867846171104,-0.019777635,0.18579556
2007-06-23 04:15:00,0.2662666666666666,0.2925276,-0.02626091955502835,-0.018883348,0.27364424
2007-06-23 04:30:00,0.1304,0.14791171,-0.017511712527275097,-0.01841642,0.1294953
2007-06-23 04:45:00,0.1242666666666666,0.16211632,-0.03784965227444974,-0.016628973,0.14548734
2007-06-23 05:00:00,0.23,0.3207678,-0.09076779007911681,-0.01807118,0.30269662
2007-06-23 05:15:00,0.2170666666666666,0.31058103,-0.0935143617947897,-0.022847496,0.28773353
2007-06-23 05:30:00,0.1206666666666666,0.16267645,-0.042009786923726464,-0.022772802,0.13990365
2007-06-23 05:45:00,0.3725333333333333,0.52261144,-0.15007810589472453,-0.0150286,0.50758284
2007-06-23 06:00:00,1.3174666666666668,1.630567,-0.31310028794606515,-0.025523093,1.6050439
2007-06-23 06:15:00,1.334,1.8111438,-0.4771437559127807,-0.04676435,1.7643794
2007-06-23 06:30:00,1.2682666666666669,1.9605464,-0.692279707654317,-0.060857564,1.8996888
2007-06-23 06:45:00,0.1917333333333333,0.780438,-0.5887046725908915,-0.073847994,0.70659
2007-06-23 07:00:00,0.2624,0.34736598,-0.08496597537994383,-0.06790153,0.27946445
2007-06-23 07:15:00,0.3129333333333333,0.46413633,-0.15120299894015,-0.038765762,0.42537057
2007-06-23 07:30:00,0.2008,0.38800696,-0.18720695538520812,-0.032092705,0.35591424
2007-06-23 07:45:00,0.1884,0.30940244,-0.1210024360179901,-0.031694427,0.277708
2007-06-23 08:00:00,0.2629333333333333,0.34174,-0.07880667883555098,-0.015760025,0.32597998
2007-06-23 08:15:00,0.2022666666666666,0.2914365,-0.08916982673009244,-0.01562129,0.2758152
2007-06-23 08:30:00,0.1197333333333333,0.18557194,-0.06583860541979475,-0.015866445,0.1697055
2007-06-23 08:45:00,0.1508,0.19774425,-0.0469442502975464,-0.015485553,0.1822587
2007-06-23 09:00:00,0.2433333333333333,0.2885379,-0.04520455638567611,-0.01623752,0.27230036
2007-06-23 09:15:00,0.1733333333333333,0.23828623,-0.06495289365450543,-0.017589787,0.22069643
2007-06-23 09:30:00,0.1450666666666666,0.1822511,-0.03718442910512296,-0.02067483,0.16157627
2007-06-23 09:45:00,0.154,0.20359637,-0.049596368432044985,-0.017392073,0.1862043
2007-06-23 10:00:00,0.2228,0.28634608,-0.06354607791900635,-0.010992383,0.2753537
2007-06-23 10:15:00,0.1886666666666666,0.2567593,-0.06809261926015225,-0.018003177,0.2387561
2007-06-23 10:30:00,0.2065333333333333,0.26664147,-0.06010813447634383,-0.020214282,0.24642718
2007-06-23 10:45:00,0.214,0.24376467,-0.029764668703079228,-0.020363098,0.22340158
2007-06-23 11:00:00,0.2956,0.31911784,-0.023517844104766872,-0.016931782,0.30218607
2007-06-23 11:15:00,0.2771999999999999,0.3250833,-0.04788328557014476,-0.015720254,0.30936304
2007-06-23 11:30:00,0.1905333333333333,0.25386658,-0.06333324977556867,-0.018146176,0.23572041
2007-06-23 11:45:00,0.8802666666666666,0.32191622,0.55835044409434,-0.018605873,0.30331033
2007-06-23 12:00:00,0.3528,0.8100535,-0.4572535273551941,0.056160722,0.8662143
2007-06-23 12:15:00,0.2297333333333333,0.29888728,-0.06915394927660629,-0.033758335,0.26512894
2007-06-23 12:30:00,0.2102666666666666,0.26929006,-0.05902339313824978,-0.01788297,0.2514071
2007-06-23 12:45:00,0.2528,0.31523976,-0.06243975729942319,-0.014286005,0.30095375
2007-06-23 13:00:00,0.2182666666666666,0.28768903,-0.06942236350377406,-0.016143033,0.271546
2007-06-23 13:15:00,0.1493333333333333,0.18418154,-0.034848207871119224,-0.024400242,0.1597813
2007-06-23 13:30:00,0.1782666666666666,0.22566421,-0.04739754663308468,-0.025408978,0.20025523
2007-06-23 13:45:00,0.1657333333333333,0.20281434,-0.037081007258097376,-0.025245525,0.17756882
2007-06-23 14:00:00,0.224,0.2924633,-0.06846330261230468,-0.022993831,0.26946947
2007-06-23 14:15:00,0.1938666666666666,0.2370877,-0.04322103012402859,-0.026523074,0.21056463
2007-06-23 14:30:00,0.1199999999999999,0.18195333,-0.061953325867652995,-0.02393716,0.15801616
2007-06-23 14:45:00,0.1705333333333333,0.24139825,-0.07086491176287338,-0.02592654,0.2154717
2007-06-23 15:00:00,0.2876,0.36709,-0.07948998680114744,-0.027240586,0.3398494
2007-06-23 15:15:00,0.1376,0.1658099,-0.02820989956855774,-0.029235879,0.13657402
2007-06-23 15:30:00,0.2066666666666666,0.26589954,-0.05923287232716884,-0.022857478,0.24304207
2007-06-23 15:45:00,0.3193333333333333,0.3364923,-0.017158966700236034,-0.025376081,0.31111622
2007-06-23 16:00:00,0.2865333333333333,0.33364838,-0.047115050284067816,-0.01956418,0.3140842
2007-06-23 16:15:00,0.1941333333333333,0.24651615,-0.0523828198830287,-0.022684854,0.2238313
2007-06-23 16:30:00,0.2537333333333333,0.3212721,-0.06753877164522809,-0.023996973,0.29727513
2007-06-23 16:45:00,0.2865333333333333,0.33238715,-0.04585381600062055,-0.027754808,0.30463234
2007-06-23 17:00:00,0.9189333333333334,0.9929288,-0.07399546963373815,-0.025034726,0.9678941
2007-06-23 17:15:00,1.3401333333333334,1.5220413,-0.18190798746744785,-0.029966908,1.4920744
2007-06-23 17:30:00,1.304533333333333,1.3554661,-0.05093279406229678,-0.04464717,1.3108189
2007-06-23 17:45:00,1.3030666666666666,1.286414,0.016652639452616302,-0.032597538,1.2538165
2007-06-23 18:00:00,1.352,1.4134071,-0.061407087326049714,-0.018515097,1.394892
2007-06-23 18:15:00,1.2752,1.3435882,-0.0683882329940797,-0.023482157,1.320106
2007-06-23 18:30:00,0.778,0.9902202,-0.21222018909454343,-0.02578638,0.9644338
2007-06-23 18:45:00,0.2484,0.6810244,-0.4326243725776672,-0.044879746,0.63614464
2007-06-23 19:00:00,0.2865333333333333,0.3641635,-0.07763015481630964,-0.06229053,0.30187297
2007-06-23 19:15:00,0.1570666666666666,0.21286969,-0.05580302220185604,-0.040324472,0.17254522
2007-06-23 19:30:00,0.1374666666666666,0.22243248,-0.08496581259568539,-0.030891014,0.19154146
2007-06-23 19:45:00,0.2796,0.34744895,-0.06784894504547118,-0.030982653,0.3164663
2007-06-23 20:00:00,0.2329333333333333,0.30729732,-0.07436398584047957,-0.029204765,0.27809256
2007-06-23 20:15:00,0.2224,0.28519276,-0.06279275784492494,-0.028092384,0.25710037
2007-06-23 20:30:00,0.2508,0.30523995,-0.054439945650100685,-0.027139055,0.27810088
2007-06-23 20:45:00,0.3428,0.40475023,-0.06195022792816163,-0.027087979,0.37766224
2007-06-23 21:00:00,0.2598666666666666,0.34810942,-0.08824275744756072,-0.028511358,0.31959808
2007-06-23 21:15:00,0.2430666666666666,0.3226092,-0.07954251950581875,-0.032005556,0.29060364
2007-06-23 21:30:00,0.2474666666666666,0.32881093,-0.08134426358540858,-0.031161198,0.29764974
2007-06-23 21:45:00,0.3072,0.3841525,-0.07695250182151797,-0.03191046,0.35224205
2007-06-23 22:00:00,0.2802666666666666,0.39986783,-0.11960116599400844,-0.031995323,0.3678725
2007-06-23 22:15:00,0.2387999999999999,0.33735478,-0.09855477924346934,-0.037330773,0.300024
2007-06-23 22:30:00,0.1664,0.24720845,-0.08080844626426698,-0.035451077,0.21175736
2007-06-23 22:45:00,0.2662666666666666,0.30380228,-0.03753561495145169,-0.032910287,0.270892
2007-06-23 23:00:00,0.2098666666666666,0.25930697,-0.04944030059178678,-0.026952155,0.23235482
2007-06-23 23:15:00,0.1372,0.1840826,-0.04688259749412538,-0.026444335,0.15763827
2007-06-23 23:30:00,0.1870666666666666,0.24797098,-0.06090431671937313,-0.026827851,0.22114313
2007-06-23 23:45:00,0.2822666666666666,0.33501995,-0.052753279431661027,-0.029106053,0.3059139
2007-06-24 00:00:00,0.1690666666666666,0.18193841,-0.012871743138631264,-0.029182801,0.1527556
2007-06-24 00:15:00,0.158,0.1610587,-0.0030586941242218,-0.026977355,0.13408133
2007-06-24 00:30:00,0.2150666666666666,0.23180188,-0.01673521571954098,-0.02376817,0.20803371
2007-06-24 00:45:00,0.2390666666666666,0.25310713,-0.014040463860829744,-0.02505823,0.2280489
2007-06-24 01:00:00,0.2284,0.2411256,-0.012725598549842843,-0.02504562,0.21607998
2007-06-24 01:15:00,0.2610666666666666,0.2924382,-0.031371542390187634,-0.022117635,0.27032056
2007-06-24 01:30:00,0.2530666666666666,0.3017729,-0.04870622580846157,-0.023350772,0.27842212
2007-06-24 01:45:00,0.3765333333333333,0.37028044,0.0062528887112934806,-0.025614966,0.34466547
2007-06-24 02:00:00,0.6361333333333333,0.36753523,0.2685980998357137,-0.01805556,0.34947968
2007-06-24 02:15:00,0.2208,0.57686406,-0.3560640637397766,0.02553228,0.60239637
2007-06-24 02:30:00,0.2669333333333333,0.31203076,-0.04509742910067244,-0.04779854,0.26423222
2007-06-24 02:45:00,0.3624,0.54483116,-0.18243115673065186,-0.02554913,0.51928204
2007-06-24 03:00:00,0.2082666666666666,0.28682274,-0.07855606959660855,-0.038769003,0.24805373
2007-06-24 03:15:00,0.1510666666666666,0.19266874,-0.04160206931432095,-0.023681708,0.16898704
2007-06-24 03:30:00,0.2636,0.33113202,-0.06753202452659607,-0.020300852,0.31083116
2007-06-24 03:45:00,0.2274666666666666,0.25618148,-0.028714811833699616,-0.020986363,0.23519512
2007-06-24 04:00:00,0.8142666666666667,0.88755655,-0.0732898862202962,-0.016402982,0.8711536
2007-06-24 04:15:00,1.3014666666666668,1.2482942,0.0531724323908489,-0.021111181,1.2271831
2007-06-24 04:30:00,1.3432,1.239337,0.10386303253173823,-0.0032014633,1.2361355
2007-06-24 04:45:00,0.522,0.6669973,-0.14499731349945066,0.0125418,0.6795391
2007-06-24 05:00:00,0.1997333333333333,0.44205514,-0.242321802632014,-0.020034974,0.42202017
2007-06-24 05:15:00,0.1386666666666666,0.1704341,-0.03176743574937191,-0.04357947,0.12685463
2007-06-24 05:30:00,0.2198666666666666,0.23578648,-0.015919816025098232,-0.018094636,0.21769184
2007-06-24 05:45:00,0.3096,0.37924495,-0.06964495339393617,-0.0070374026,0.37220755
2007-06-24 06:00:00,0.2265333333333333,0.30305707,-0.07652374121348066,-0.0124751,0.29058197
2007-06-24 06:15:00,0.2138666666666666,0.28558168,-0.07171501148541776,-0.012743357,0.27283832
2007-06-24 06:30:00,0.348,0.48718274,-0.13918273639678957,-0.008181289,0.47900146
2007-06-24 06:45:00,0.2825333333333333,0.37766835,-0.095135017601649,-0.012434959,0.3652334
2007-06-24 07:00:00,0.2094666666666666,0.2819273,-0.07246062091191616,-0.007309428,0.27461785
2007-06-24 07:15:00,0.2516,0.31851694,-0.06691693987846375,-0.009698394,0.30881855
2007-06-24 07:30:00,0.3133333333333333,0.39793164,-0.08459830204645796,-0.00857859,0.38935304
2007-06-24 07:45:00,0.2582666666666666,0.38612106,-0.12785439775784818,-0.011460688,0.37466037
2007-06-24 08:00:00,0.1977333333333333,0.25384316,-0.05610982515017196,-0.019609448,0.2342337
2007-06-24 08:15:00,0.1618666666666666,0.21709183,-0.05522516191800442,-0.014844416,0.20224741
2007-06-24 08:30:00,0.2429333333333333,0.27699602,-0.034062683169047064,-0.013315058,0.26368096
2007-06-24 08:45:00,0.2149333333333333,0.24991404,-0.03498070186773938,-0.011065239,0.23884879
2007-06-24 09:00:00,0.1664,0.20000267,-0.033602670288085945,-0.010583833,0.18941884
2007-06-24 09:15:00,0.1588,0.21624114,-0.057441136193275455,-0.011590792,0.20465034
2007-06-24 09:30:00,0.2650666666666667,0.31355157,-0.048484908278783156,-0.0144309355,0.29912063
2007-06-24 09:45:00,0.2078666666666666,0.24403423,-0.03616756404240934,-0.014532265,0.22950196
2007-06-24 10:00:00,0.1389333333333333,0.17890409,-0.039970753018061356,-0.013068594,0.1658355
2007-06-24 10:15:00,0.1796,0.19917959,-0.01957958974838256,-0.013824081,0.18535551
2007-06-24 10:30:00,0.3181333333333333,0.3478303,-0.029696962229410817,-0.011607351,0.33622295
2007-06-24 10:45:00,0.2438666666666666,0.29750836,-0.05364169228871671,-0.011889189,0.28561917
2007-06-24 11:00:00,0.2148,0.25478682,-0.03998681921958924,-0.0148275215,0.2399593
2007-06-24 11:15:00,0.2950666666666667,0.32278484,-0.02771817439397173,-0.015375476,0.30740938
2007-06-24 11:30:00,0.3,0.36556435,-0.06556434631347657,-0.013513511,0.35205084
2007-06-24 11:45:00,0.2469333333333333,0.32477468,-0.07784134918848676,-0.016958257,0.30781642
2007-06-24 12:00:00,0.2641333333333333,0.3138284,-0.049695075384775855,-0.024975538,0.28885287
2007-06-24 12:15:00,0.2524,0.30833566,-0.055935661888122545,-0.01868268,0.28965297
2007-06-24 12:30:00,0.5222666666666667,0.35148945,0.1707772121588389,-0.019282307,0.33220714
2007-06-24 12:45:00,0.2045333333333333,0.48842597,-0.28389263674418136,0.010621694,0.49904767
2007-06-24 13:00:00,0.142,0.19480781,-0.052807812571525586,-0.034472957,0.16033486
2007-06-24 13:15:00,0.2168,0.25645372,-0.039653722715377815,-0.024153797,0.23229992
2007-06-24 13:30:00,0.2884,0.34852204,-0.06012203726768495,-0.021831375,0.32669067
2007-06-24 13:45:00,0.1410666666666666,0.1770988,-0.036032129104932226,-0.020795314,0.15630348
2007-06-24 14:00:00,0.1426666666666666,0.1782086,-0.03554193778832759,-0.0226005,0.1556081
2007-06-24 14:15:00,0.2679999999999999,0.31338292,-0.045382923603057956,-0.021054411,0.2923285
2007-06-24 14:30:00,0.5326666666666667,0.25862187,0.2740447951952617,-0.02163516,0.23698671
2007-06-24 14:45:00,0.5072,0.43321866,0.07398134202957152,0.024697132,0.45791578
2007-06-24 15:00:00,0.5705333333333333,0.4589465,0.1115868370850881,0.013586378,0.47253287
2007-06-24 15:15:00,0.64,0.48170874,0.15829126477241517,0.01571139,0.49742013
2007-06-24 15:30:00,1.8117333333333332,1.3430882,0.46864518330891913,0.023520492,1.3666086
2007-06-24 15:45:00,1.8206666666666669,1.453772,0.3668947178522748,0.084953964,1.5387259
2007-06-24 16:00:00,1.7861333333333334,1.4906783,0.29545502293904624,0.09926837,1.5899466
2007-06-24 16:15:00,1.1718666666666666,1.0467808,0.12508584200541173,0.092988186,1.139769
2007-06-24 16:30:00,0.8216,0.84060115,-0.01900114622116089,0.047674835,0.888276
2007-06-24 16:45:00,0.712,0.56257844,0.14942156028747555,-0.0025564865,0.56002194
2007-06-24 17:00:00,0.7102666666666667,0.5465305,0.16373618151346847,0.012785952,0.55931646
2007-06-24 17:15:00,1.624,1.5209591,0.10304086112976085,0.020838235,1.5417974
2007-06-24 17:30:00,1.4460000000000002,1.5432658,-0.09726581954956037,0.008117783,1.5513836
2007-06-24 17:45:00,1.3090666666666666,1.2614207,0.047645939890543554,-0.03369441,1.2277263
2007-06-24 18:00:00,1.2475999999999998,1.2451776,0.002422373390197574,-0.017990422,1.2271872
2007-06-24 18:15:00,0.3053333333333333,0.86984867,-0.5645153352419536,-0.021215595,0.84863305
2007-06-24 18:30:00,0.4688,0.3009776,0.16782241230010986,-0.071780056,0.22919753
2007-06-24 18:45:00,0.3996,0.3738085,0.02579149684906007,-0.025285631,0.34852287
2007-06-24 19:00:00,0.3997333333333334,0.3127049,0.08702844236691798,-0.023478057,0.28922683
2007-06-24 19:15:00,0.422,0.34803832,0.07396168422698973,-0.0051695234,0.3428688
2007-06-24 19:30:00,0.4069333333333333,0.39139774,0.015535588916142762,-0.00071150356,0.39068624
2007-06-24 19:45:00,0.3813333333333333,0.32709566,0.05423767574628191,-0.010567458,0.3165282
2007-06-24 20:00:00,0.3286666666666666,0.25813678,0.0705298875967661,-0.008146858,0.24998993
2007-06-24 20:15:00,0.5082666666666668,0.424805,0.08346168114344288,-0.0011102358,0.42369476
2007-06-24 20:30:00,0.5233333333333333,0.61981964,-0.09648630777994793,0.0033794916,0.6231991
2007-06-24 20:45:00,0.3958666666666667,0.51067626,-0.11480959809621172,-0.030875718,0.47980055
2007-06-24 21:00:00,0.3949333333333333,0.33001846,0.06491487258275347,-0.04404217,0.2859763
2007-06-24 21:15:00,1.0612,0.51349455,0.5477054488182067,-0.016366437,0.49712813
2007-06-24 21:30:00,0.4805333333333333,0.8521402,-0.3716068548838298,0.08612838,0.93826854
2007-06-24 21:45:00,0.3968,0.4302082,-0.033408206176757826,-0.044023126,0.38618508
2007-06-24 22:00:00,0.784,0.28775656,0.49624343776702884,-0.032344595,0.25541198
2007-06-24 22:15:00,1.2453333333333334,0.74092793,0.504405398686727,0.07631456,0.8172425
2007-06-24 22:30:00,0.7959999999999999,0.75227344,0.04372655963897698,0.13035327,0.8826267
2007-06-24 22:45:00,0.3237333333333333,0.58822984,-0.26449650170008343,0.06524231,0.6534721
2007-06-24 23:00:00,0.9690666666666666,0.9367819,0.03228478342692054,-0.04005741,0.89672446
2007-06-24 23:15:00,1.3048,1.3226186,-0.017818603706359903,-0.016360007,1.3062586
2007-06-24 23:30:00,1.1764,1.2186371,-0.04223710880279552,-0.016664142,1.201973
2007-06-24 23:45:00,0.2752,0.5967156,-0.32151562910079956,-0.029730499,0.56698513
2007-06-25 00:00:00,0.8057333333333333,0.17994364,0.6257896972735723,-0.074299715,0.10564392
2007-06-25 00:15:00,0.6089333333333333,0.60077024,0.008163098271687819,0.065091096,0.6658613
2007-06-25 00:30:00,0.1746666666666666,0.449944,-0.27527732284863793,0.038349383,0.48829338
2007-06-25 00:45:00,0.116,0.15752192,-0.04152191841602325,-0.04176691,0.11575501
2007-06-25 01:00:00,0.194,0.22230768,-0.02830768203735351,-0.025106626,0.19720106
2007-06-25 01:15:00,0.3381333333333333,0.3656183,-0.027484955183665005,-0.0126430765,0.35297522
2007-06-25 01:30:00,0.2045333333333333,0.24234179,-0.03780845328966781,-0.014789806,0.22755198
2007-06-25 01:45:00,0.2001333333333333,0.20067088,-0.000537549726168346,-0.017757768,0.18291311
2007-06-25 02:00:00,0.2882666666666666,0.308399,-0.020132325156529796,-0.012239794,0.2961592
2007-06-25 02:15:00,0.2818666666666666,0.30713433,-0.025267663606007962,-0.011526511,0.2956078
2007-06-25 02:30:00,0.1974666666666666,0.21188779,-0.01442112508614865,-0.010686868,0.20120092
2007-06-25 02:45:00,0.2448,0.24516177,-0.00036177177429200236,-0.008050489,0.23711129
2007-06-25 03:00:00,0.2329333333333333,0.25417832,-0.021244982067743973,-0.0038297256,0.2503486
2007-06-25 03:15:00,0.2798666666666667,0.2922083,-0.012341647275288858,-0.00481405,0.28739426
2007-06-25 03:30:00,0.2176,0.23030183,-0.01270182719230653,-0.0032836185,0.2270182
2007-06-25 03:45:00,0.1169333333333333,0.13656582,-0.019632486049334236,-0.0021091308,0.1344567
2007-06-25 04:00:00,0.1678666666666667,0.17034283,-0.0024761661370595045,-0.0036472832,0.16669555
2007-06-25 04:15:00,0.2672,0.30014062,-0.03294061927795411,-0.00071147876,0.29942915
2007-06-25 04:30:00,0.1410666666666666,0.19172545,-0.05065878110726682,-0.004965169,0.18676028
2007-06-25 04:45:00,0.1156,0.14850272,-0.03290272238254548,-0.010508282,0.13799444
2007-06-25 05:00:00,0.2056,0.21687311,-0.01127310934066772,-0.007803489,0.20906962
2007-06-25 05:15:00,0.2442666666666666,0.26220044,-0.017933778270085715,-0.0018574718,0.260343
2007-06-25 05:30:00,0.1196,0.1385657,-0.018965704226493837,-0.0020175916,0.13654812
2007-06-25 05:45:00,0.1389333333333333,0.1424092,-0.0034758721033732454,-0.00224083,0.14016837
2007-06-25 06:00:00,0.2448,0.33430728,-0.08950728316307069,0.0007591397,0.33506644
2007-06-25 06:15:00,0.2956,0.3859684,-0.09036838712692263,-0.012180961,0.37378743
2007-06-25 06:30:00,0.2042666666666666,0.30000022,-0.09573355387051907,-0.0151227955,0.28487742
2007-06-25 06:45:00,1.9144,1.0161718,0.8982281869888307,-0.01546338,1.0007085
2007-06-25 07:00:00,1.7762666666666669,1.701583,0.07468363882700624,0.109113246,1.8106962
2007-06-25 07:15:00,1.4781333333333333,1.8516327,-0.3734993809382121,0.10091571,1.9525484
2007-06-25 07:30:00,1.438,1.5664384,-0.12843843650817877,-0.022257462,1.544181
2007-06-25 07:45:00,1.5361333333333331,1.4258068,0.11032657254536926,-0.022692392,1.4031143
2007-06-25 08:00:00,1.2795999999999998,1.4151304,-0.13553037681579605,0.021566745,1.4366971
2007-06-25 08:15:00,1.3401333333333334,1.4224775,-0.08234415041605625,-0.013430603,1.4090469
2007-06-25 08:30:00,1.1622666666666666,1.2260134,-0.06374675534566254,-0.01804387,1.2079695
2007-06-25 08:45:00,1.1526666666666665,1.2554972,-0.10283055051167822,-0.0150714405,1.2404258
2007-06-25 09:00:00,1.2484,1.262779,-0.014378997421264694,-0.017283209,1.2454958
2007-06-25 09:15:00,1.244133333333333,1.2362126,0.007920722134907798,-0.008048399,1.2281642
2007-06-25 09:30:00,1.1397333333333333,1.210276,-0.07054267431894945,-0.00035701226,1.209919
2007-06-25 09:45:00,1.1828,1.2377034,-0.05490344257354729,-0.008371474,1.229332
2007-06-25 10:00:00,0.6834666666666666,0.92779046,-0.2443237963040671,-0.008146353,0.9196441
2007-06-25 10:15:00,0.2115999999999999,0.48871976,-0.27711976137161265,-0.036204085,0.45251566
2007-06-25 10:30:00,0.1550666666666666,0.15494339,0.00012327498594913444,-0.042600326,0.112343065
2007-06-25 10:45:00,0.1453333333333333,0.16781391,-0.022480578700701442,-0.01647532,0.15133859
2007-06-25 11:00:00,0.2558666666666667,0.27449876,-0.018632094033559143,-0.010488472,0.26401028
2007-06-25 11:15:00,0.3138666666666667,0.3039743,0.00989236604372662,-0.0077831415,0.29619116
2007-06-25 11:30:00,0.2198666666666666,0.2693411,-0.049474444516499905,-0.0011048227,0.26823628
2007-06-25 11:45:00,0.1857333333333333,0.22353908,-0.03780575086275739,-0.0073555275,0.21618356
2007-06-25 12:00:00,0.2626666666666666,0.2788383,-0.01617163999875393,-0.007279333,0.27155897
2007-06-25 12:15:00,0.3232,0.3848175,-0.06161751084327699,-0.0063358373,0.3784817
2007-06-25 12:30:00,0.184,0.26437992,-0.08037991857528687,-0.012750346,0.25162956
2007-06-25 12:45:00,0.1871999999999999,0.2218013,-0.034601295876503096,-0.018975768,0.20282553
2007-06-25 13:00:00,0.2958666666666666,0.31074855,-0.014881880648930923,-0.012683786,0.29806477
2007-06-25 13:15:00,0.2094666666666666,0.23550048,-0.026033818038304707,-0.010417672,0.22508281
2007-06-25 13:30:00,0.1135999999999999,0.14715953,-0.03355953171253215,-0.012112428,0.13504711
2007-06-25 13:45:00,0.1798666666666666,0.19892995,-0.019063283928235447,-0.013960908,0.18496904
2007-06-25 14:00:00,0.1836,0.19362909,-0.01002908601760863,-0.012376277,0.1812528
2007-06-25 14:15:00,0.2030666666666666,0.22187746,-0.018810789044698156,-0.01195509,0.20992237
2007-06-25 14:30:00,0.1792,0.21850592,-0.03930591897964478,-0.013652415,0.2048535
2007-06-25 14:45:00,0.1345333333333333,0.1642321,-0.029698771683375064,-0.018858207,0.1453739
2007-06-25 15:00:00,0.1903999999999999,0.22607286,-0.03567286274433146,-0.018862594,0.20721027
2007-06-25 15:15:00,0.2377333333333333,0.2723593,-0.03462597824732466,-0.02095276,0.25140655
2007-06-25 15:30:00,0.1747999999999999,0.22897314,-0.054173135352134805,-0.02217489,0.20679824
2007-06-25 15:45:00,0.2152,0.22478777,-0.009587771701812742,-0.024658712,0.20012906
2007-06-25 16:00:00,0.4026666666666667,0.29105586,0.11161080853144328,-0.021187814,0.26986805
2007-06-25 16:15:00,0.3804,0.42242625,-0.042026253557205184,-0.007235238,0.41519102
2007-06-25 16:30:00,0.2106666666666666,0.30535176,-0.09468509729703273,-0.02200047,0.2833513
2007-06-25 16:45:00,0.2101333333333333,0.2517872,-0.041653852335612,-0.03285291,0.21893427
2007-06-25 17:00:00,0.4637333333333333,0.38804308,0.07569025753339126,-0.030389218,0.35765386
2007-06-25 17:15:00,0.3317333333333333,0.4609868,-0.12925345970789592,-0.012347497,0.4486393
2007-06-25 17:30:00,0.2277333333333333,0.30181015,-0.0740768120447795,-0.037411887,0.26439825
2007-06-25 17:45:00,0.2749333333333333,0.32144868,-0.04651535040537519,-0.03785045,0.28359824
2007-06-25 18:00:00,1.3410666666666666,1.2313688,0.10969788653055823,-0.035306975,1.1960618
2007-06-25 18:15:00,1.3014666666666668,1.243198,0.0582686295191448,-0.007283608,1.2359145
2007-06-25 18:30:00,0.516,0.5804324,-0.06443241500854491,-0.008432887,0.57199955
2007-06-25 18:45:00,0.1716,0.2676865,-0.09608648624420166,-0.028063593,0.23962289
2007-06-25 19:00:00,0.2109333333333333,0.20050119,0.010432144697507195,-0.03809958,0.16240162
2007-06-25 19:15:00,0.2478666666666666,0.26805165,-0.020184987433751495,-0.021838173,0.24621348
2007-06-25 19:30:00,0.1889333333333333,0.24503987,-0.05610653204123184,-0.02367142,0.22136845
2007-06-25 19:45:00,0.1908,0.19278184,-0.001981835794448855,-0.03247152,0.16031031
2007-06-25 20:00:00,1.959733333333333,1.5580288,0.40170451615651426,-0.026600717,1.5314281
2007-06-25 20:15:00,0.6632,0.7290781,-0.06587811403274535,0.04853608,0.7776142
2007-06-25 20:30:00,0.6041333333333334,0.56434774,0.0397855893452963,0.00090870284,0.5652565
2007-06-25 20:45:00,0.5864,0.4766661,0.1097339071273804,-0.0041315323,0.47253457
2007-06-25 21:00:00,1.132,0.89977425,0.2322257466316222,0.0074712886,0.9072455
2007-06-25 21:15:00,4.251733333333333,4.083783,0.16795018361409486,0.04411516,4.127898
2007-06-25 21:30:00,3.823333333333333,4.147856,-0.3245229021708176,0.039217584,4.1870737
2007-06-25 21:45:00,5.0662666666666665,4.746197,0.3200694430033364,-0.056848086,4.689349
2007-06-25 22:00:00,2.9286666666666665,2.743957,0.18470962397257473,0.025346402,2.7693036
2007-06-25 22:15:00,3.439866666666666,3.5365708,-0.09670412076314339,0.046786726,3.5833576
2007-06-25 22:30:00,2.517333333333333,2.5928724,-0.07553904787699395,-0.008551976,2.5843203
2007-06-25 22:45:00,1.9626666666666668,1.3493943,0.6132723452250164,-0.029277476,1.3201169
2007-06-25 23:00:00,2.132,2.1180286,0.013971359252929805,0.09297119,2.2109997
2007-06-25 23:15:00,1.114,1.3763515,-0.2623514757156371,0.04914628,1.4254978
2007-06-25 23:30:00,0.3863999999999999,0.78012264,-0.39372263774871835,-0.038823254,0.7412994
2007-06-25 23:45:00,2.2572,2.1278908,0.12930917472839365,-0.07324461,2.0546463
2007-06-26 00:00:00,0.526,1.2708303,-0.7448302736282348,-0.016716653,1.2541137
2007-06-26 00:15:00,0.4549333333333333,0.46394187,-0.009008538786570264,-0.08679923,0.37714264
2007-06-26 00:30:00,0.4798666666666667,0.3206259,0.15924076544443772,-0.04027677,0.28034914
2007-06-26 00:45:00,1.2565333333333333,1.2783457,-0.021812370745341036,0.00042960836,1.2787753
2007-06-26 01:00:00,1.3213333333333332,1.3390417,-0.017708376566569095,-0.0046418584,1.3343998
2007-06-26 01:15:00,0.6845333333333333,0.70782626,-0.023292923418680833,0.00057563675,0.7084019
2007-06-26 01:30:00,0.2477333333333333,0.3796127,-0.131879380718867,9.622122e-05,0.37970895
2007-06-26 01:45:00,0.1734666666666666,0.12295464,0.05051202985445652,-0.021987092,0.10096754
2007-06-26 02:00:00,0.2457333333333333,0.22209874,0.02363459537823992,-0.00020842638,0.22189032
2007-06-26 02:15:00,0.2273333333333333,0.2552536,-0.0279202796618144,0.0043400237,0.25959364
2007-06-26 02:30:00,0.1770666666666666,0.14502692,0.032039744440714446,-0.0026269522,0.14239997
2007-06-26 02:45:00,0.2208,0.19918032,0.02161968009471893,0.005812373,0.2049927
2007-06-26 03:00:00,0.3577333333333333,0.3685047,-0.010771369711558065,0.0068724877,0.37537718
2007-06-26 03:15:00,0.2441333333333333,0.27317303,-0.02903970085779828,0.0012828883,0.27445593
2007-06-26 03:30:00,0.2022666666666666,0.21751742,-0.015250753982861909,-0.004877003,0.21264042
2007-06-26 03:45:00,0.2788,0.27597085,0.0028291535854339522,-0.004824175,0.27114668
2007-06-26 04:00:00,0.3013333333333333,0.3527023,-0.05136895648638412,-0.002690692,0.3500116
2007-06-26 04:15:00,0.2264,0.26427576,-0.03787575945854188,-0.011647346,0.25262842
2007-06-26 04:30:00,0.248,0.31414232,-0.06614231657981873,-0.012192619,0.3019497
2007-06-26 04:45:00,0.1972,0.22109398,-0.023893982458114638,-0.01734026,0.20375372
2007-06-26 05:00:00,0.2305333333333333,0.22204618,0.00848715177377063,-0.011770879,0.2102753
2007-06-26 05:15:00,0.1781333333333333,0.16760954,0.010523790725072202,-0.00546039,0.16214915
2007-06-26 05:30:00,0.1514666666666667,0.14576387,0.005702792612711616,-0.0021792771,0.1435846
2007-06-26 05:45:00,0.1833333333333333,0.16108324,0.022250096996625224,-0.0013664799,0.15971676
2007-06-26 06:00:00,0.2385333333333333,0.28976545,-0.05123211404482528,0.0019920021,0.29175746
2007-06-26 06:15:00,0.1689333333333333,0.26088697,-0.09195363384882613,-0.008125348,0.25276163
2007-06-26 06:30:00,0.1224,0.21900721,-0.09660720894336701,-0.01666874,0.20233847
2007-06-26 06:45:00,1.496133333333333,0.33208546,1.1640478729089099,-0.018039262,0.3140462
2007-06-26 07:00:00,0.8515999999999999,0.92472804,-0.07312803592681894,0.111509524,1.0362376
2007-06-26 07:15:00,1.5050666666666668,1.6534353,-0.14836868279774973,0.07787906,1.7313144
2007-06-26 07:30:00,1.7112,1.6050699,0.10613012428283697,0.009378246,1.6144481
2007-06-26 07:45:00,1.6378666666666668,1.9456123,-0.3077456446965534,0.026023991,1.9716363
2007-06-26 08:00:00,1.3488,1.5974165,-0.24861652011871338,-0.03338926,1.5640273
2007-06-26 08:15:00,1.2509333333333332,1.2886146,-0.037681297365824484,-0.049370307,1.2392443
2007-06-26 08:30:00,1.2434666666666667,1.2679682,-0.024501511128743436,-0.03010427,1.2378639
2007-06-26 08:45:00,1.3858666666666666,1.5318481,-0.1459814063390097,-0.018286059,1.513562
2007-06-26 09:00:00,1.2544,1.2984993,-0.044099345779418986,-0.030927224,1.2675722
2007-06-26 09:15:00,1.1726666666666667,1.1840576,-0.011390926678975344,-0.020499103,1.1635585
2007-06-26 09:30:00,1.2382666666666666,1.2355727,0.0026939709345499274,-0.010787506,1.2247852
2007-06-26 09:45:00,0.2642666666666666,0.5837049,-0.3194382221539816,-0.0027311961,0.5809737
2007-06-26 10:00:00,0.1467999999999999,0.16121197,-0.014411967468261816,-0.040193833,0.121018134
2007-06-26 10:15:00,0.1864,0.19692707,-0.010527070617675771,-0.016688779,0.18023829
2007-06-26 10:30:00,0.1709333333333333,0.17160413,-0.000670793358484939,-0.008531176,0.16307294
2007-06-26 10:45:00,0.2244,0.2357724,-0.011372401094436657,-0.002033914,0.23373848
2007-06-26 11:00:00,0.1796,0.19737467,-0.017774671697616568,-0.0006218193,0.19675285
2007-06-26 11:15:00,0.1312,0.13942963,-0.00822962884902953,-0.00251044,0.13691919
2007-06-26 11:30:00,0.1886666666666666,0.19924605,-0.010579382260640535,-0.0008511718,0.19839488
2007-06-26 11:45:00,0.3169333333333333,0.2975026,0.019430726226170814,-0.00017564296,0.29732695
2007-06-26 12:00:00,0.2226666666666666,0.2788022,-0.05613551958402005,0.004820778,0.28362295
2007-06-26 12:15:00,0.2001333333333333,0.23439705,-0.03426372038523359,-0.0052606966,0.22913636
2007-06-26 12:30:00,0.3106666666666667,0.32067785,-0.010011180003484055,-0.0050420635,0.31563577
2007-06-26 12:45:00,0.2892,0.34100214,-0.051802136468887316,-0.0020018648,0.33900028
2007-06-26 13:00:00,0.198,0.23987378,-0.04187378180027007,-0.0068665445,0.23300724
2007-06-26 13:15:00,0.2157333333333333,0.23921113,-0.02347779382864637,-0.008062643,0.23114848
2007-06-26 13:30:00,0.3108,0.33069274,-0.01989273829460142,-0.0072961585,0.3233966
2007-06-26 13:45:00,0.1706666666666666,0.19902728,-0.028360618313153646,-0.006737565,0.19228972
2007-06-26 14:00:00,0.1324,0.14043859,-0.008038586473464976,-0.008367892,0.13207069
2007-06-26 14:15:00,0.2041333333333333,0.21176817,-0.007634831897417732,-0.007051785,0.20471638
2007-06-26 14:30:00,0.2281333333333333,0.23830768,-0.010174351326624587,-0.006969425,0.23133826
2007-06-26 14:45:00,0.1473333333333333,0.15609191,-0.008758580247561182,-0.0073503493,0.14874156
2007-06-26 15:00:00,0.1858666666666666,0.19655252,-0.01068584836324063,-0.007580686,0.18897183
2007-06-26 15:15:00,0.1742666666666666,0.161277,0.012989670530954928,-0.008358847,0.15291815
2007-06-26 15:30:00,0.2249333333333333,0.30253336,-0.0776000250021617,-0.0057504787,0.29678288
2007-06-26 15:45:00,0.1801333333333333,0.2651398,-0.08500645505587262,-0.017849496,0.2472903
2007-06-26 16:00:00,0.1821333333333333,0.2367641,-0.05463076984087628,-0.021124179,0.21563992
2007-06-26 16:15:00,0.2785333333333333,0.27593458,0.0025987563451130846,-0.020441182,0.2554934
2007-06-26 16:30:00,0.3049333333333333,0.32476443,-0.019831097189585423,-0.015080467,0.30968398
2007-06-26 16:45:00,0.224,0.26927862,-0.0452786157131195,-0.017785307,0.2514933
2007-06-26 17:00:00,0.202,0.23657043,-0.034570432782173144,-0.021682182,0.21488824
2007-06-26 17:15:00,0.3077333333333333,0.37719104,-0.06945770360628767,-0.02092947,0.35626155
2007-06-26 17:30:00,0.2896,0.38862455,-0.09902454891204832,-0.026144434,0.3624801
2007-06-26 17:45:00,0.1944,0.24851492,-0.054114920473098765,-0.03146452,0.2170504
2007-06-26 18:00:00,0.1406666666666667,0.17541969,-0.03475302155812579,-0.028906766,0.14651293
2007-06-26 18:15:00,0.8288,0.908377,-0.07957699174880983,-0.025489252,0.8828877
2007-06-26 18:30:00,1.238,1.319755,-0.081754958152771,-0.031703666,1.2880512
2007-06-26 18:45:00,1.1016,1.1645391,-0.06293909873962411,-0.03462209,1.129917
2007-06-26 19:00:00,0.3749333333333333,0.70851976,-0.33358642346064254,-0.03339617,0.6751236
2007-06-26 19:15:00,0.5666666666666667,0.445699,0.12096766034762063,-0.056997053,0.38870195
2007-06-26 19:30:00,0.4725333333333333,0.5401449,-0.06761158701578779,-0.015237616,0.5249073
2007-06-26 19:45:00,0.3152,0.45025972,-0.13505971531867983,-0.03038546,0.41987425
2007-06-26 20:00:00,0.2969333333333333,0.2533371,0.04359624808629353,-0.042616446,0.21072064
2007-06-26 20:15:00,0.2977333333333333,0.3356604,-0.037927064673105915,-0.021226294,0.3144341
2007-06-26 20:30:00,0.4596,0.5554811,-0.09588107624053954,-0.021174252,0.5343068
2007-06-26 20:45:00,0.7764000000000001,0.46933034,0.3070696593761445,-0.035003647,0.4343267
2007-06-26 21:00:00,0.8542666666666666,0.8320083,0.022258364454905144,0.029895175,0.8619035
2007-06-26 21:15:00,1.098,1.5779444,-0.4799443979263305,0.014604604,1.592549
2007-06-26 21:30:00,0.5658666666666666,0.92471975,-0.35885308421452844,-0.06876119,0.8559586
2007-06-26 21:45:00,0.5576000000000001,0.5624183,-0.004818282032012844,-0.06604466,0.49637362
2007-06-26 22:00:00,2.5496,1.6937124,0.85588764629364,-0.03647859,1.6572337
2007-06-26 22:15:00,5.1470666666666665,3.9592083,1.18785841662089,0.11230688,4.071515
2007-06-26 22:30:00,4.097066666666667,3.142285,0.9547815581003825,0.24874373,3.391029
2007-06-26 22:45:00,2.4534666666666665,2.005889,0.44757772776285787,0.3094522,2.3153412
2007-06-26 23:00:00,2.1777333333333337,1.624457,0.5532763316472376,0.2681623,1.8926194
2007-06-26 23:15:00,1.51,1.2076569,0.3023431396484375,0.24100329,1.4486601
2007-06-26 23:30:00,0.7705333333333333,1.1017668,-0.33123349138895675,0.17963839,1.2814052
2007-06-26 23:45:00,1.7152,2.0478394,-0.33263940315246576,0.024343787,2.0721831
2007-06-27 00:00:00,0.1948,1.0090957,-0.8142956687927246,-0.033263188,0.97583246
2007-06-27 00:15:00,0.1577333333333333,0.12577385,0.03195948623021441,-0.08110739,0.044666454
2007-06-27 00:30:00,0.2556,0.23199919,0.023600811338424676,-0.048933025,0.18306616
2007-06-27 00:45:00,0.2790666666666667,0.29528105,-0.01621438592274982,-0.036700465,0.2585806
2007-06-27 01:00:00,0.2369333333333333,0.26583672,-0.028903382364908886,-0.028748969,0.23708774
2007-06-27 01:15:00,0.2686666666666666,0.2786904,-0.010023731072743791,-0.013556274,0.26513413
2007-06-27 01:30:00,0.3641333333333333,0.39305466,-0.02892133080164594,-0.01350446,0.37955022
2007-06-27 01:45:00,0.2210666666666666,0.23824523,-0.017178567226727864,-0.017331075,0.22091416
2007-06-27 02:00:00,0.2218666666666666,0.2328171,-0.01095043183167782,-0.01613547,0.21668163
2007-06-27 02:15:00,0.366,0.3987592,-0.03275918626785279,-0.01413693,0.38462225
2007-06-27 02:30:00,0.2385333333333333,0.2638028,-0.025269463268915854,-0.01656836,0.24723443
2007-06-27 02:45:00,0.152,0.16209215,-0.010092149257659916,-0.01532843,0.14676371
2007-06-27 03:00:00,0.2462666666666666,0.2327648,0.01350187124411259,-0.011808712,0.22095609
2007-06-27 03:15:00,0.2354666666666666,0.23233046,0.0031362102905908573,-0.0059988606,0.22633159
2007-06-27 03:30:00,0.1513333333333333,0.14133906,0.009994269688924112,-0.004478753,0.13686031
2007-06-27 03:45:00,0.2013333333333333,0.18491834,0.016414989312489803,-0.0017273029,0.18319105
2007-06-27 04:00:00,0.2485333333333333,0.2231101,0.025423238666852283,0.0022587886,0.22536889
2007-06-27 04:15:00,0.1844,0.16330385,0.02109614791870118,0.0051047294,0.16840859
2007-06-27 04:30:00,0.1961333333333333,0.15785986,0.03827347148259477,0.007341375,0.16520123
2007-06-27 04:45:00,0.2027999999999999,0.1875492,0.015250796365737812,0.011166501,0.1987157
2007-06-27 05:00:00,0.2634666666666667,0.25414392,0.009322743145624812,0.0068582655,0.26100218
2007-06-27 05:15:00,0.2689333333333333,0.25782716,0.011106170590718556,0.00010620133,0.25793338
2007-06-27 05:30:00,0.2466666666666666,0.25129303,-0.004626366694768347,-0.0041715577,0.24712148
2007-06-27 05:45:00,0.3186666666666667,0.3269904,-0.008323729117711343,-0.009771954,0.31721845
2007-06-27 06:00:00,0.2686666666666666,0.37967762,-0.11101095684369411,-0.013989929,0.3656877
2007-06-27 06:15:00,1.8513333333333333,0.722012,1.1293213499387105,-0.029545924,0.6924661
2007-06-27 06:30:00,1.44,1.8138399,-0.37383991241455083,0.10896461,1.9228045
2007-06-27 06:45:00,1.5148,2.2387514,-0.7239514114379884,0.018454883,2.2572062
2007-06-27 07:00:00,1.6137333333333332,1.5185425,0.09519080518086742,-0.05869845,1.4598441
2007-06-27 07:15:00,1.7686666666666668,1.9750228,-0.20635612614949528,-0.018212568,1.9568102
2007-06-27 07:30:00,3.178,3.8669531,-0.6889531345367432,-0.0414088,3.8255444
2007-06-27 07:45:00,2.768533333333333,3.2405438,-0.47201050898234076,-0.06683141,3.1737125
2007-06-27 08:00:00,2.6308,2.7244601,-0.09366012496948262,-0.061195675,2.6632645
2007-06-27 08:15:00,2.695333333333333,2.7737424,-0.07840910402933776,-0.055088516,2.718654
2007-06-27 08:30:00,1.6330666666666669,1.9018265,-0.26875983422597227,-0.05107859,1.850748
2007-06-27 08:45:00,1.2417333333333334,1.4414493,-0.19971595122019448,-0.056548268,1.384901
2007-06-27 09:00:00,1.2854666666666668,1.270687,0.014779682604471933,-0.051970083,1.2187169
2007-06-27 09:15:00,1.4178666666666666,1.5777509,-0.15988425458272304,-0.034041226,1.5437098
2007-06-27 09:30:00,1.262133333333333,1.2537969,0.008336398251851174,-0.046239465,1.2075574
2007-06-27 09:45:00,1.2822666666666669,1.2325429,0.049723794237772845,-0.030011771,1.2025311
2007-06-27 10:00:00,1.3476,1.3558519,-0.008251888656616302,-0.015510522,1.3403413
2007-06-27 10:15:00,1.2672,1.2671952,4.7752380372134695e-06,-0.018057916,1.2491373
2007-06-27 10:30:00,1.2213333333333334,1.1958057,0.0255276645024618,-0.016394373,1.1794113
2007-06-27 10:45:00,1.2552,1.2937204,-0.03852036457061758,-0.011272121,1.2824483
2007-06-27 11:00:00,0.5541333333333333,0.65413725,-0.10000392042795825,-0.017394453,0.63674283
2007-06-27 11:15:00,0.1492,0.36701843,-0.2178184314250946,-0.027303988,0.33971444
2007-06-27 11:30:00,0.17,0.17867339,-0.008673386573791492,-0.038680293,0.1399931
2007-06-27 11:45:00,0.1989333333333333,0.23229104,-0.03335770947138472,-0.024845555,0.20744549
2007-06-27 12:00:00,0.1878666666666666,0.2609264,-0.07305972898801175,-0.025192296,0.2357341
2007-06-27 12:15:00,0.1764,0.20147231,-0.025072312211990355,-0.027508032,0.17396428
2007-06-27 12:30:00,0.1525333333333333,0.15896499,-0.006431658236185744,-0.024269069,0.13469592
2007-06-27 12:45:00,0.2324,0.24373984,-0.011339843368530278,-0.018850854,0.224889
2007-06-27 13:00:00,0.1792,0.2011571,-0.021957093048095705,-0.017460769,0.18369633
2007-06-27 13:15:00,0.1633333333333333,0.1574974,0.005835927327473928,-0.016241634,0.14125577
2007-06-27 13:30:00,0.2906666666666667,0.27484623,0.015820440689722715,-0.012041366,0.26280487
2007-06-27 13:45:00,0.8666666666666667,0.30818132,0.55848535100619,-0.008218449,0.29996288
2007-06-27 14:00:00,0.6148,0.61853456,-0.003734564971923815,0.06094091,0.6794755
2007-06-27 14:15:00,0.3217333333333333,0.56526667,-0.243533335463206,0.036902558,0.6021692
2007-06-27 14:30:00,0.7325333333333333,0.8821457,-0.14961236950556445,-0.017639978,0.8645057
2007-06-27 14:45:00,0.2693333333333333,0.53135985,-0.26202651802698773,-0.022969047,0.5083908
2007-06-27 15:00:00,0.2816,0.34037507,-0.058775065803527815,-0.037943386,0.30243167
2007-06-27 15:15:00,0.3352,0.31978473,0.015415269327163694,-0.028983468,0.29080126
2007-06-27 15:30:00,0.1689333333333333,0.22690119,-0.05796785515944167,-0.019107157,0.20779403
2007-06-27 15:45:00,0.144,0.1829533,-0.03895329809188844,-0.019494483,0.16345881
2007-06-27 16:00:00,0.2230666666666666,0.23490332,-0.011836654003461261,-0.015826643,0.21907668
2007-06-27 16:15:00,0.2133333333333333,0.22497638,-0.011643042365709982,-0.009992375,0.214984
2007-06-27 16:30:00,0.1385333333333333,0.14030065,-0.001767313090960232,-0.006579291,0.13372135
2007-06-27 16:45:00,0.1842666666666666,0.19715212,-0.012885456188519856,-0.0047105174,0.19244161
2007-06-27 17:00:00,0.2333333333333333,0.239591,-0.006257669130961124,-0.0054318914,0.23415911
2007-06-27 17:15:00,0.1514666666666667,0.15687424,-0.005407572778065972,-0.004167026,0.15270722
2007-06-27 17:30:00,0.2117333333333333,0.2116387,9.462939103441204e-05,-0.0041234237,0.20751528
2007-06-27 17:45:00,0.2732,0.26444343,0.008756572675704954,-0.0035052965,0.26093814
2007-06-27 18:00:00,0.3197333333333333,0.3532052,-0.03347187067667645,-0.0020552753,0.35114992
2007-06-27 18:15:00,0.3210666666666667,0.35519445,-0.03412778275807693,-0.0074976594,0.34769678
2007-06-27 18:30:00,0.3010666666666666,0.3079947,-0.006928026851018343,-0.009777199,0.2982175
2007-06-27 18:45:00,0.3649333333333333,0.384566,-0.01963267571131394,-0.0069919946,0.37757403
2007-06-27 19:00:00,0.9242666666666668,0.86992717,0.05433949877421074,-0.0083046565,0.8616225
2007-06-27 19:15:00,3.432,3.5941882,-0.16218821334838873,0.0028148894,3.5970032
2007-06-27 19:30:00,3.486,3.5671654,-0.08116537475585917,-0.026803352,3.5403621
2007-06-27 19:45:00,3.2456,3.242279,0.0033209472656250405,-0.022516822,3.2197623
2007-06-27 20:00:00,3.9902666666666655,3.8834865,0.1067801573435454,-0.011310287,3.8721762
2007-06-27 20:15:00,2.3286666666666664,2.2731764,0.05549023501078265,0.013225335,2.2864017
2007-06-27 20:30:00,1.9776,1.8288106,0.14878942737579348,0.012039744,1.8408504
2007-06-27 20:45:00,3.9218666666666655,3.9342535,-0.012386787541708522,0.029731326,3.9639847
2007-06-27 21:00:00,3.458533333333333,4.0451865,-0.5866531862894697,0.004007809,4.0491943
2007-06-27 21:15:00,5.117066666666667,5.161027,-0.04396028798421181,-0.064407766,5.096619
2007-06-27 21:30:00,4.994933333333334,5.106177,-0.11124351984659775,-0.03321632,5.0729604
2007-06-27 21:45:00,4.821333333333333,4.694153,0.12718050130208258,-0.037941713,4.656211
2007-06-27 22:00:00,4.372933333333333,4.448191,-0.07525783259073915,0.002911867,4.451103
2007-06-27 22:15:00,1.1322666666666668,1.9564078,-0.8241411187489827,-0.024195759,1.932212
2007-06-27 22:30:00,1.0052,0.8458732,0.1593268229484559,-0.07755214,0.76832104
2007-06-27 22:45:00,1.0621333333333334,0.8105721,0.2515612455685934,-0.021381969,0.7891901
2007-06-27 23:00:00,0.51,0.81929374,-0.309293737411499,0.018550966,0.8378447
2007-06-27 23:15:00,0.3437333333333333,0.45502818,-0.11129484297434494,-0.053932108,0.40109608
2007-06-27 23:30:00,0.3772,0.2981195,0.0790805146217346,-0.044096712,0.25402278
2007-06-27 23:45:00,0.4307999999999999,0.6504543,-0.2196542827606202,-0.007885261,0.642569
2007-06-28 00:00:00,0.3221333333333333,0.44145054,-0.11931720291773479,-0.04706666,0.39438388
2007-06-28 00:15:00,0.3010666666666666,0.3328795,-0.03181284683545438,-0.033443443,0.29943606
2007-06-28 00:30:00,0.4262666666666667,0.4342357,-0.007969025357564274,-0.023958206,0.4102775
2007-06-28 00:45:00,0.2910666666666666,0.42642242,-0.1353557504971823,-0.0140566025,0.41236582
2007-06-28 01:00:00,0.2713333333333333,0.31416756,-0.04283422581354779,-0.03772411,0.27644345
2007-06-28 01:15:00,0.3846666666666666,0.45524633,-0.07057966264088955,-0.029247772,0.42599857
2007-06-28 01:30:00,0.3134666666666666,0.42551333,-0.112046660455068,-0.033055786,0.39245754
2007-06-28 01:45:00,0.1732,0.2802248,-0.10702480010986329,-0.04027562,0.23994918
2007-06-28 02:00:00,0.2450666666666666,0.32438856,-0.07932189696629849,-0.04343726,0.2809513
2007-06-28 02:15:00,0.2798666666666667,0.35656357,-0.07669690144856767,-0.040990412,0.31557316
2007-06-28 02:30:00,0.1685333333333333,0.22805615,-0.059522814361254395,-0.040296428,0.18775973
2007-06-28 02:45:00,0.2108,0.23986599,-0.02906598849296571,-0.03840544,0.20146054
2007-06-28 03:00:00,0.2865333333333333,0.33559468,-0.049061350552241034,-0.03410487,0.30148983
2007-06-28 03:15:00,0.1909333333333333,0.22437009,-0.033436758820215906,-0.035720374,0.18864971
2007-06-28 03:30:00,0.216,0.24497683,-0.02897683346271515,-0.0338182,0.21115863
2007-06-28 03:45:00,0.2412,0.26479438,-0.023594379472732546,-0.032626193,0.23216818
2007-06-28 04:00:00,0.2682666666666666,0.3150929,-0.04682622478803006,-0.031416893,0.283676
2007-06-28 04:15:00,0.2994666666666666,0.3271382,-0.02767151883443203,-0.0339704,0.29316777
2007-06-28 04:30:00,0.2676,0.32974324,-0.06214323630332946,-0.03215227,0.29759097
2007-06-28 04:45:00,0.3378666666666666,0.42129457,-0.08342790330251065,-0.032433387,0.38886118
2007-06-28 05:00:00,0.2892,0.39331448,-0.10411448078155516,-0.032726966,0.3605875
2007-06-28 05:15:00,0.2398666666666666,0.32441893,-0.08455226553281156,-0.03297993,0.291439
2007-06-28 05:30:00,0.3017333333333333,0.37434176,-0.07260842277208968,-0.029941864,0.3443999
2007-06-28 05:45:00,0.7225333333333332,0.77664083,-0.05410749909083057,-0.027986865,0.74865395
2007-06-28 06:00:00,1.2633333333333332,1.5798092,-0.31647585550944024,-0.025293328,1.5545158
2007-06-28 06:15:00,0.9645333333333334,1.565861,-0.6013276533762614,-0.04239016,1.5234709
2007-06-28 06:30:00,0.2798666666666667,1.0124507,-0.7325840283711751,-0.057556342,0.95489436
2007-06-28 06:45:00,0.1910666666666666,0.6021666,-0.411099926408132,-0.062065955,0.54010063
2007-06-28 07:00:00,1.5673333333333337,0.31725618,1.250077150901159,-0.05477606,0.2624801
2007-06-28 07:15:00,0.3584,1.1106254,-0.7522253862380981,0.0846478,1.1952732
2007-06-28 07:30:00,0.2322666666666666,0.38742033,-0.15515365980466214,-0.049545895,0.33787444
2007-06-28 07:45:00,0.1529333333333333,0.25321582,-0.10028248626391095,-0.028566016,0.2246498
2007-06-28 08:00:00,0.2330666666666666,0.28039175,-0.04732508605321256,-0.021565016,0.25882673
2007-06-28 08:15:00,0.3941333333333333,0.40123236,-0.007099028460184786,-0.01748202,0.38375035
2007-06-28 08:30:00,0.2204,0.32139304,-0.10099304280281066,-0.017762586,0.30363047
2007-06-28 08:45:00,1.2210666666666663,1.1703665,0.050700141016641886,-0.042069178,1.1282973
2007-06-28 09:00:00,1.4405333333333334,1.6952181,-0.25468475290934234,-0.026821865,1.6683962
2007-06-28 09:15:00,1.3452,1.257089,0.08811098117828364,-0.054603595,1.2024854
2007-06-28 09:30:00,1.3765333333333334,1.3003194,0.07621390012105311,-0.023219392,1.2771001
2007-06-28 09:45:00,1.643066666666667,1.4228323,0.22023441607157412,-0.012931947,1.4099003
2007-06-28 10:00:00,1.3868,1.445568,-0.05876796550750729,0.0196918,1.4652598
2007-06-28 10:15:00,1.3501333333333334,1.1899271,0.1602062321980795,-0.012183092,1.177744
2007-06-28 10:30:00,1.4758666666666669,1.1859646,0.28990208231608094,0.010739045,1.1967037
2007-06-28 10:45:00,2.5384,2.3203456,0.2180543598175051,0.039066043,2.3594117
2007-06-28 11:00:00,1.2845333333333333,1.3342845,-0.04975121065775556,0.048664995,1.3829496
2007-06-28 11:15:00,1.2181333333333333,1.1692802,0.048853161938985146,0.010532829,1.179813
2007-06-28 11:30:00,1.2729333333333337,1.2093357,0.06359764855702754,0.006776903,1.2161126
2007-06-28 11:45:00,1.2090666666666663,1.188713,0.02035371214548709,0.0080529805,1.1967659
2007-06-28 12:00:00,1.2209333333333334,1.2791141,-0.058180793825785226,-0.001163774,1.2779504
2007-06-28 12:15:00,1.237866666666667,1.266477,-0.02861032212575254,-0.024111893,1.2423651
2007-06-28 12:30:00,1.2566666666666668,1.2677667,-0.011100047429402515,-0.026689881,1.2410768
2007-06-28 12:45:00,1.28,1.2870426,-0.007042617797851536,-0.025259843,1.2617828
2007-06-28 13:00:00,1.2910666666666666,1.3125535,-0.021486858304341716,-0.024067046,1.2884865
2007-06-28 13:15:00,1.3545333333333334,1.3680267,-0.013493400065104133,-0.023748305,1.3442785
2007-06-28 13:30:00,0.7413333333333334,0.86523765,-0.12390431992212925,-0.017403008,0.84783465
2007-06-28 13:45:00,0.2649333333333333,0.5533256,-0.2883922601381938,-0.021415908,0.5319097
2007-06-28 14:00:00,0.2930666666666666,0.26942524,0.02364142352739962,-0.033179186,0.23624605
2007-06-28 14:15:00,0.2784,0.2514712,0.0269288083553314,-0.010891983,0.2405792
2007-06-28 14:30:00,0.2401333333333333,0.30131298,-0.06117964970270795,-0.0050605554,0.29625243
2007-06-28 14:45:00,0.1858666666666666,0.21372075,-0.027854087122281462,-0.011453063,0.20226769
2007-06-28 15:00:00,0.2554666666666667,0.25858882,-0.0031221540292104,-0.010925425,0.2476634
2007-06-28 15:15:00,0.2198666666666666,0.22676814,-0.0069014693578084985,-0.0052333893,0.22153474
2007-06-28 15:30:00,0.1602666666666666,0.16964734,-0.009380669339497938,-0.002462049,0.16718529
2007-06-28 15:45:00,0.2509333333333333,0.2431645,0.0077688386996586645,-0.0026313597,0.24053313
2007-06-28 16:00:00,0.2312,0.2495813,-0.01838130717277528,-0.00065182697,0.24892949
2007-06-28 16:15:00,0.1757333333333333,0.19679621,-0.021062875286738114,-0.00073979795,0.19605641
2007-06-28 16:30:00,0.2133333333333333,0.23561196,-0.022278626958529196,-0.0015337277,0.23407823
2007-06-28 16:45:00,0.2597333333333333,0.26210618,-0.002372846857706723,-0.0022266912,0.2598795
2007-06-28 17:00:00,0.2596,0.24687064,0.012729363059997556,0.00041597465,0.24728662
2007-06-28 17:15:00,0.2506666666666666,0.25401473,-0.0033480637868246177,0.0035847975,0.25759953
2007-06-28 17:30:00,0.3442666666666667,0.3319725,0.012294157044092868,0.0015857872,0.3335583
2007-06-28 17:45:00,0.2894666666666666,0.34844527,-0.05897859981854764,0.0023197406,0.35076502
2007-06-28 18:00:00,1.754,1.5468214,0.20717864418029786,-0.00827258,1.5385488
2007-06-28 18:15:00,1.9592,2.4765391,-0.517339134979248,0.02919032,2.5057294
2007-06-28 18:30:00,1.7834666666666663,2.3494458,-0.56597915318807,-0.049363863,2.300082
2007-06-28 18:45:00,1.7829333333333333,2.380766,-0.5978325815836589,-0.058124557,2.3226414
2007-06-28 19:00:00,1.2572,1.8979378,-0.640737774658203,-0.063457966,1.8344798
2007-06-28 19:15:00,3.972,4.291015,-0.3190151481628418,-0.06792294,4.223092
2007-06-28 19:30:00,3.0394666666666668,2.5230882,0.5163784498850505,-0.057682965,2.4654052
2007-06-28 19:45:00,2.8928000000000003,2.1444974,0.7483026054382327,0.02888117,2.1733785
2007-06-28 20:00:00,2.094933333333333,2.3133345,-0.21840113169352238,0.14487714,2.4582117
2007-06-28 20:15:00,3.267333333333333,3.219918,0.047415320714314646,0.042102594,3.2620206
2007-06-28 20:30:00,3.0490666666666666,3.1845713,-0.13550459950764981,0.031320944,3.2158923
2007-06-28 20:45:00,1.9514666666666665,2.491419,-0.5399524102528892,-0.016169649,2.4752495
2007-06-28 21:00:00,1.4261333333333333,1.6545169,-0.2283836020151775,-0.07569659,1.5788203
2007-06-28 21:15:00,1.2941333333333334,1.3341024,-0.039969058863321916,-0.058627214,1.2754751
2007-06-28 21:30:00,1.3190666666666668,1.4123161,-0.09324941724141422,-0.04358106,1.3687351
2007-06-28 21:45:00,1.4652,1.4394361,0.02576392192840582,-0.044197403,1.3952386
2007-06-28 22:00:00,1.4746666666666668,1.6741927,-0.1995260003407795,-0.027810186,1.6463825
2007-06-28 22:15:00,1.3921333333333334,1.5881023,-0.19596900736490874,-0.0536778,1.5344245
2007-06-28 22:30:00,1.4333333333333331,1.6213763,-0.18804294268290223,-0.048982106,1.5723941
2007-06-28 22:45:00,1.4655999999999998,1.6021199,-0.13651992263793966,-0.058379482,1.5437404
2007-06-28 23:00:00,1.0044,1.2098972,-0.20549716053009037,-0.057524916,1.1523722
2007-06-28 23:15:00,0.3362666666666666,0.66477984,-0.3285131752332052,-0.061342824,0.603437
2007-06-28 23:30:00,0.3712,0.29687107,0.07432893390655515,-0.068481855,0.2283892
2007-06-28 23:45:00,0.3529333333333334,0.29880992,0.05412341755231226,-0.035968367,0.26284155
2007-06-29 00:00:00,0.9050666666666668,0.2862132,0.6188534773031872,-0.018044928,0.26816827
2007-06-29 00:15:00,0.5149333333333334,0.5637315,-0.04879815823237099,0.100299,0.6640305
2007-06-29 00:30:00,0.8038666666666666,0.41477746,0.3890892089525858,0.04521393,0.4599914
2007-06-29 00:45:00,0.4637333333333333,0.5644924,-0.10075907112757371,0.09847176,0.66296417
2007-06-29 01:00:00,0.1849333333333333,0.34128907,-0.15635573989550275,0.025710804,0.36699986
2007-06-29 01:15:00,0.2249333333333333,0.24765997,-0.022726633016268455,-0.017258544,0.23040143
2007-06-29 01:30:00,0.2018666666666666,0.23749745,-0.035630782254537,-0.01777448,0.21972297
2007-06-29 01:45:00,0.1672,0.1946861,-0.02748609988689424,-0.016686792,0.1779993
2007-06-29 02:00:00,0.1666666666666666,0.14913599,0.017530674735704993,-0.02350554,0.12563045
2007-06-29 02:15:00,0.2425333333333333,0.2523352,-0.009801857439676959,-0.014688847,0.23764634
2007-06-29 02:30:00,0.1934666666666666,0.19496565,-0.0014989790042242157,-0.017128635,0.17783701
2007-06-29 02:45:00,0.2115999999999999,0.20139746,0.01020253632068624,-0.016717147,0.18468031
2007-06-29 03:00:00,0.3037333333333333,0.2926411,0.011092230065663622,-0.015860436,0.27678066
2007-06-29 03:15:00,0.2918666666666666,0.30766433,-0.015797668107350726,-0.015373446,0.2922909
2007-06-29 03:30:00,0.1990666666666666,0.22620744,-0.027140768464406412,-0.019917993,0.20628944
2007-06-29 03:45:00,0.2405333333333333,0.25602242,-0.015489090172449788,-0.022648374,0.23337404
2007-06-29 04:00:00,0.3482666666666666,0.35940593,-0.011139268143971814,-0.021319915,0.338086
2007-06-29 04:15:00,0.1978666666666666,0.26148638,-0.06361971462567653,-0.020703996,0.24078238
2007-06-29 04:30:00,0.1470666666666666,0.14478229,0.002284376804033844,-0.029090248,0.11569204
2007-06-29 04:45:00,0.2792,0.29231614,-0.013116138744354244,-0.020225558,0.27209058
2007-06-29 05:00:00,0.1686666666666666,0.2018046,-0.03313792653878536,-0.018908057,0.18289654
2007-06-29 05:15:00,0.1278666666666666,0.14263862,-0.01477195704778042,-0.021596938,0.121041685
2007-06-29 05:30:00,0.2182666666666666,0.22167024,-0.0034035734971364917,-0.019497667,0.20217258
2007-06-29 05:45:00,0.2345333333333333,0.2803078,-0.045774466244379725,-0.015713971,0.26459384
2007-06-29 06:00:00,0.13,0.19124794,-0.06124794006347656,-0.020648828,0.17059912
2007-06-29 06:15:00,0.16,0.2453258,-0.08532580375671386,-0.024156887,0.22116892
2007-06-29 06:30:00,0.2542666666666667,0.39105424,-0.13678757618268328,-0.022920134,0.3681341
2007-06-29 06:45:00,0.1621333333333333,0.25375247,-0.0916191366831462,-0.029038878,0.2247136
2007-06-29 07:00:00,0.2210666666666666,0.28803402,-0.06696735518773403,-0.021531552,0.26650247
2007-06-29 07:15:00,0.2946666666666667,0.36420214,-0.0695354750951131,-0.026973883,0.33722827
2007-06-29 07:30:00,0.2810666666666667,0.37269968,-0.09163301127751666,-0.023054838,0.34964484
2007-06-29 07:45:00,0.2121333333333333,0.30129236,-0.08915902649561566,-0.023438605,0.27785376
2007-06-29 08:00:00,0.5714666666666666,0.60017914,-0.02871246913274139,-0.021437293,0.57874185
2007-06-29 08:15:00,1.352933333333333,1.5699153,-0.2169819613138837,-0.014657375,1.5552579
2007-06-29 08:30:00,1.3728,1.3020322,0.07076776771545412,-0.029435758,1.2725965
2007-06-29 08:45:00,2.1352,1.2705011,0.864698863220215,-0.0076560914,1.262845
2007-06-29 09:00:00,0.1830666666666666,1.039249,-0.8561822766621908,0.08217188,1.1214209
2007-06-29 09:15:00,0.2101333333333333,0.11227224,0.09786109311183291,-0.051796425,0.060475815
2007-06-29 09:30:00,0.1601333333333333,0.08684064,0.07329269630511598,-0.017162621,0.069678016
2007-06-29 09:45:00,0.2761333333333333,0.23678997,0.03934336174329117,0.007004212,0.24379419
2007-06-29 10:00:00,0.3942666666666666,0.26855952,0.1257071511904398,0.007975783,0.2765353
2007-06-29 10:15:00,0.3812,0.2719982,0.10920180315971373,0.018100651,0.29009885
2007-06-29 10:30:00,0.8798666666666667,0.3856652,0.4942014585653941,0.0011027108,0.38676792
2007-06-29 10:45:00,0.2710666666666667,0.6091987,-0.3381320227940877,0.061087225,0.67028594
2007-06-29 11:00:00,0.3167999999999999,0.28071046,0.03608954124450675,-0.034855004,0.24585545
2007-06-29 11:15:00,1.5010666666666668,1.2470356,0.25403104406992605,-0.014253422,1.2327822
2007-06-29 11:30:00,3.633866666666667,2.923273,0.7105935801188155,0.03173064,2.9550037
2007-06-29 11:45:00,2.4746666666666663,2.5442276,-0.0695609334309899,0.12417045,2.6683981
2007-06-29 12:00:00,1.3808,1.5458418,-0.16504181308746335,0.05035039,1.5961922
2007-06-29 12:15:00,1.3818666666666668,1.2561592,0.12570748030344658,-0.02354749,1.2326117
2007-06-29 12:30:00,2.258933333333333,2.510018,-0.25108477694193576,0.0011104473,2.5111287
2007-06-29 12:45:00,2.0565333333333333,2.029909,0.026624437840779613,-0.046451833,1.9834571
2007-06-29 13:00:00,2.1772,1.6294968,0.5477031871795655,-0.03369524,1.5958016
2007-06-29 13:15:00,1.5066666666666668,1.5107167,-0.004050010045369312,0.061007597,1.5717243
2007-06-29 13:30:00,1.3017333333333334,1.432617,-0.1308836157480875,0.02161746,1.4542344
2007-06-29 13:45:00,1.1869333333333332,1.2236304,-0.03669709498087581,-0.024811007,1.1988194
2007-06-29 14:00:00,1.1170666666666669,1.1814035,-0.06433685105641662,-0.030183475,1.1512201
2007-06-29 14:15:00,0.3210666666666666,0.66102874,-0.33996207612355556,-0.03214563,0.6288831
2007-06-29 14:30:00,0.2552,0.1554103,0.09978969533443449,-0.056462005,0.0989483
2007-06-29 14:45:00,0.2574666666666667,0.14906153,0.10840513583819072,-0.028871486,0.12019005
2007-06-29 15:00:00,0.3698666666666667,0.28587058,0.08399608480135601,-0.013535459,0.2723351
2007-06-29 15:15:00,0.2925333333333333,0.24417104,0.04836229506333667,-0.002159427,0.2420116
2007-06-29 15:30:00,0.3233333333333333,0.24798872,0.0753446175654729,-0.0023741173,0.2456146
2007-06-29 15:45:00,0.4166666666666667,0.3219387,0.0947279731432597,0.0030662492,0.32500494
2007-06-29 16:00:00,0.4014666666666666,0.35318255,0.048284112421671466,0.008372076,0.36155462
2007-06-29 16:15:00,0.3162666666666666,0.28531608,0.030950586811701375,0.0049881022,0.29030418
2007-06-29 16:30:00,0.3761333333333334,0.3380853,0.03804803956349695,-6.00965e-06,0.33807927
2007-06-29 16:45:00,0.4061333333333333,0.34663063,0.05950270045598344,-0.0007626421,0.345868
2007-06-29 17:00:00,0.3381333333333333,0.30841082,0.02972250998814896,0.0026171445,0.31102797
2007-06-29 17:15:00,0.3450666666666667,0.30668166,0.03838500386873883,-0.00012449204,0.30655718
2007-06-29 17:30:00,1.0649333333333333,0.2500194,0.8149139320214589,7.150951e-05,0.2500909
2007-06-29 17:45:00,0.3102666666666666,0.62266713,-0.3124004671414694,0.11637095,0.7390381
2007-06-29 18:00:00,0.6208000000000001,0.68089575,-0.060095745754241814,0.000950333,0.6818461
2007-06-29 18:15:00,1.8726666666666667,2.353222,-0.4805552266438802,-0.005869913,2.347352
2007-06-29 18:30:00,1.1849333333333334,1.3052126,-0.1202792835871378,-0.06508875,1.2401239
2007-06-29 18:45:00,2.3982666666666663,2.9120045,-0.513737804158529,-0.050160542,2.8618438
2007-06-29 19:00:00,2.136,2.6913083,-0.5553082599639891,-0.06953147,2.6217768
2007-06-29 19:15:00,3.219733333333333,3.4943862,-0.2746528628031415,-0.0691679,3.4252183
2007-06-29 19:30:00,1.5489333333333335,2.0292308,-0.48029749972025537,-0.05910499,1.9701258
2007-06-29 19:45:00,1.552266666666667,1.4940828,0.058183858172099034,-0.067503594,1.4265792
2007-06-29 20:00:00,1.4725333333333337,1.7387886,-0.26625527140299443,-0.046356417,1.6924322
2007-06-29 20:15:00,1.5793333333333337,1.5546957,0.024637607892354696,-0.05922619,1.4954696
2007-06-29 20:30:00,0.8062666666666668,1.2144383,-0.408171652539571,-0.02548403,1.1889542
2007-06-29 20:45:00,1.2681333333333331,0.88361245,0.3845208793958026,-0.06548088,0.81813157
2007-06-29 21:00:00,3.546,2.1515524,1.394447561264038,0.03917377,2.1907263
2007-06-29 21:15:00,4.029333333333333,3.1327884,0.896544913609822,0.21443853,3.3472269
2007-06-29 21:30:00,2.7993333333333337,2.4081502,0.3911831372578942,0.28188094,2.690031
2007-06-29 21:45:00,2.1052,1.5565931,0.5486069395065307,0.25533313,1.8119261
2007-06-29 22:00:00,1.4341333333333333,1.1156802,0.31845311559041334,0.23752573,1.3532059
2007-06-29 22:15:00,1.0153333333333334,0.8320906,0.18324271710713713,0.17200054,1.0040911
2007-06-29 22:30:00,1.3401333333333334,0.90132904,0.43880429280598965,0.11390656,1.0152357
2007-06-29 22:45:00,2.2676000000000003,2.1500258,0.11757415542602567,0.1329759,2.2830017
2007-06-29 23:00:00,1.4945333333333333,1.6364061,-0.14187273070017503,0.087654695,1.7240608
2007-06-29 23:15:00,1.5034666666666667,1.3273307,0.17613595816294358,0.005006099,1.3323368
2007-06-29 23:30:00,0.5526666666666666,0.95279,-0.40012335522969567,0.028231667,0.9810217
2007-06-29 23:45:00,0.1878666666666666,0.36264867,-0.17478199923833218,-0.05902621,0.30362245
2007-06-30 00:00:00,0.234,0.20881218,0.025187822818756117,-0.06126228,0.1475499
2007-06-30 00:15:00,0.3604,0.3439836,0.016416409397125242,-0.037770767,0.3062128
2007-06-30 00:30:00,0.2413333333333333,0.2907303,-0.049396964232126916,-0.021969296,0.268761
2007-06-30 00:45:00,0.2024,0.21337731,-0.010977311825752262,-0.031295475,0.18208183
2007-06-30 01:00:00,0.3419999999999999,0.36719352,-0.0251935200691224,-0.027655074,0.33953846
2007-06-30 01:15:00,0.2574666666666667,0.29052943,-0.03306276324590046,-0.03058806,0.25994137
2007-06-30 01:30:00,0.1646666666666666,0.1703957,-0.005729035456975368,-0.0322118,0.1381839
2007-06-30 01:45:00,0.2458666666666666,0.23057176,0.015294904939333526,-0.027850056,0.2027217
2007-06-30 02:00:00,0.2129333333333333,0.22955509,-0.016621751968065923,-0.020521065,0.20903403
2007-06-30 02:15:00,0.1333333333333333,0.13306129,0.00027204354604082326,-0.021402668,0.11165862
2007-06-30 02:30:00,0.2122666666666667,0.21394393,-0.0016772618134816286,-0.01774005,0.19620387
2007-06-30 02:45:00,0.2358666666666667,0.22734776,0.008518905274073313,-0.015359331,0.21198843
2007-06-30 03:00:00,0.1426666666666666,0.14885058,-0.0061839084227880425,-0.010867156,0.13798341
2007-06-30 03:15:00,0.1910666666666666,0.19440366,-0.0033369966109594307,-0.01173454,0.18266912
2007-06-30 03:30:00,0.2205333333333333,0.21171516,0.008818171532948782,-0.008981646,0.20273352
2007-06-30 03:45:00,0.1830666666666666,0.1671243,0.015942365471521946,-0.0055261403,0.16159816
2007-06-30 04:00:00,0.2771999999999999,0.26369658,0.013503418874740492,-0.0038141706,0.25988242
2007-06-30 04:15:00,0.2606666666666666,0.27518475,-0.014518083890279199,-0.0041719256,0.2710128
2007-06-30 04:30:00,0.2758666666666666,0.27290487,0.002961793772379484,-0.008821393,0.26408347
2007-06-30 04:45:00,0.2626666666666667,0.27218494,-0.009518271525700839,-0.007556615,0.26462832
2007-06-30 05:00:00,0.2208,0.2576921,-0.036892098617553715,-0.008991006,0.2487011
2007-06-30 05:15:00,0.3025333333333334,0.32143107,-0.018897737232843992,-0.014595002,0.30683607
2007-06-30 05:30:00,0.2553333333333333,0.28358865,-0.028255314509073925,-0.014040711,0.26954794
2007-06-30 05:45:00,0.4577333333333333,0.4583772,-0.000643878952662158,-0.014837436,0.44353977
2007-06-30 06:00:00,1.5612,1.4613258,0.09987423534393303,-0.010348479,1.4509773
2007-06-30 06:15:00,3.056666666666666,1.9433998,1.1132668797175085,0.0048124283,1.9482123
2007-06-30 06:30:00,1.5358666666666667,2.3088882,-0.7730215302785237,0.12674178,2.43563
2007-06-30 06:45:00,1.2889333333333333,1.7485105,-0.4595771465937297,-0.04290334,1.7056072
2007-06-30 07:00:00,1.2896,1.4655377,-0.17593766727447502,-0.06664353,1.3988942
2007-06-30 07:15:00,1.1868,1.4519798,-0.26517975635528557,-0.049639184,1.4023405
2007-06-30 07:30:00,1.2475999999999998,1.528617,-0.2810170244216921,-0.05484231,1.4737747
2007-06-30 07:45:00,1.3104000000000002,1.6439178,-0.33351779899597145,-0.061366405,1.5825514
2007-06-30 08:00:00,1.2301333333333333,1.3237427,-0.09360941397349043,-0.0664082,1.2573346
2007-06-30 08:15:00,1.2450666666666663,1.3250045,-0.07993779176076288,-0.054071512,1.2709329
2007-06-30 08:30:00,0.8957333333333334,1.2975099,-0.4017765753428141,-0.042803153,1.2547067
2007-06-30 08:45:00,0.2128,0.77561164,-0.5628116390228272,-0.06603458,0.7095771
2007-06-30 09:00:00,0.2018666666666666,0.21981604,-0.017949377306302444,-0.07887352,0.14094251
2007-06-30 09:15:00,0.3276,0.3425086,-0.014908614063262937,-0.036015566,0.30649304
2007-06-30 09:30:00,0.2497333333333333,0.2886365,-0.038903172270456976,-0.027468508,0.261168
2007-06-30 09:45:00,0.1285333333333333,0.15730242,-0.028769090978304573,-0.018915765,0.13838667
2007-06-30 10:00:00,0.2035999999999999,0.21327403,-0.009674031877517808,-0.011789994,0.20148404
2007-06-30 10:15:00,0.2395999999999999,0.25938407,-0.01978406586647044,-0.022775842,0.23660822
2007-06-30 10:30:00,0.1583999999999999,0.16098182,-0.0025818190336228397,-0.024234561,0.13674726
2007-06-30 10:45:00,0.2281333333333333,0.20623097,0.02190236509641008,-0.03125646,0.1749745
2007-06-30 11:00:00,0.2705333333333333,0.2471067,0.023426632197697916,-0.013485936,0.23362076
2007-06-30 11:15:00,0.1802666666666667,0.18627526,-0.006008591993649781,-0.01435742,0.17191784
2007-06-30 11:30:00,0.2069333333333333,0.20732121,-0.00038787836233777906,-0.021762902,0.1855583
2007-06-30 11:45:00,0.2498666666666666,0.2745356,-0.024668929704030423,-0.033048984,0.24148661
2007-06-30 12:00:00,0.2765333333333333,0.27365968,0.002873657019933029,-0.027400007,0.24625967
2007-06-30 12:15:00,0.5038666666666667,0.30967355,0.1941931189219157,-0.020377751,0.2892958
2007-06-30 12:30:00,0.3113333333333333,0.53439415,-0.22306081167856856,0.0071903383,0.5415845
2007-06-30 12:45:00,0.3236,0.36804676,-0.04444676055908203,-0.031908702,0.33613807
2007-06-30 13:00:00,0.2493333333333333,0.3076496,-0.05831627909342452,-0.023957701,0.2836919
2007-06-30 13:15:00,0.2885333333333333,0.30685586,-0.018322524038950627,-0.033870734,0.27298513
2007-06-30 13:30:00,0.3349333333333333,0.3462962,-0.011362857882181832,-0.02254485,0.32375133
2007-06-30 13:45:00,0.1973333333333333,0.21138795,-0.014054613868395516,-0.020516109,0.19087183
2007-06-30 14:00:00,0.2310666666666666,0.22633848,0.004728190724054893,-0.019813767,0.20652471
2007-06-30 14:15:00,0.3128,0.18928444,0.12351555614471438,-0.0163385,0.17294595
2007-06-30 14:30:00,0.3190666666666666,0.22999501,0.08907165438334141,0.0074077295,0.23740274
2007-06-30 14:45:00,0.3157333333333333,0.19661477,0.11911856125195819,0.008287064,0.20490183
2007-06-30 15:00:00,0.2752,0.1902525,0.08494750220775604,0.014984152,0.20523664
2007-06-30 15:15:00,0.4392,0.24388362,0.19531637532711027,0.013530495,0.25741413
2007-06-30 15:30:00,0.4889333333333333,0.41909048,0.06984285372098281,0.03100021,0.45009068
2007-06-30 15:45:00,0.4354666666666666,0.42272475,0.012741913048426257,0.016673835,0.4393986
2007-06-30 16:00:00,0.5012000000000001,0.3576651,0.1435349082469941,0.0024511046,0.36011618
2007-06-30 16:15:00,1.3714666666666666,1.3683826,0.0030840935389200297,0.01662073,1.3850033
2007-06-30 16:30:00,2.1006666666666667,2.3817003,-0.28103361066182453,-0.00063201925,2.3810682
2007-06-30 16:45:00,1.8086666666666664,1.6457592,0.16290744177500383,-0.044308636,1.6014506
2007-06-30 17:00:00,3.1658666666666666,3.0107257,0.15514093004862461,-0.0013566416,3.0093691
2007-06-30 17:15:00,1.9630666666666667,2.056346,-0.09327927296956373,0.01785426,2.0742002
2007-06-30 17:30:00,1.4889333333333332,1.5116602,-0.022726884905497347,-0.019997068,1.4916631
2007-06-30 17:45:00,1.5129333333333332,1.3487577,0.16417558949788402,-0.02261181,1.3261459
2007-06-30 18:00:00,1.4828,1.2827827,0.2000173261642455,0.0063045355,1.2890872
2007-06-30 18:15:00,1.4077333333333333,1.2983135,0.109419834836324,0.029475905,1.3277894
2007-06-30 18:30:00,1.4839999999999998,1.213309,0.2706909503936765,0.016637618,1.2299466
2007-06-30 18:45:00,1.4964000000000002,1.3290267,0.16737330093383807,0.04695385,1.3759805
2007-06-30 19:00:00,1.4213333333333331,1.3471345,0.07419886239369688,0.035467118,1.3826016
2007-06-30 19:15:00,4.048533333333333,3.0434673,1.005066050084432,0.010957229,3.0544245
2007-06-30 19:30:00,3.417733333333333,3.7079763,-0.2902430079142255,0.16126224,3.8692386
2007-06-30 19:45:00,2.6613333333333333,2.5942895,0.06704379208882649,0.0063557182,2.6006453
2007-06-30 20:00:00,3.376,3.2720253,0.10397465324401844,0.012683,3.2847083
2007-06-30 20:15:00,2.0769333333333333,2.4730053,-0.3960719614664714,0.019049304,2.4920547
2007-06-30 20:30:00,1.6083999999999998,1.9276375,-0.3192374578475954,-0.06329152,1.8643459
2007-06-30 20:45:00,2.3908,1.8101078,0.5806921728134156,-0.0705209,1.739587
2007-06-30 21:00:00,1.9638666666666664,2.0452406,-0.08137397397359236,0.051739622,2.0969803
2007-06-30 21:15:00,1.6409333333333331,1.923172,-0.28223866373697937,0.0050335918,1.9282056
2007-06-30 21:30:00,1.5372,1.7410226,-0.20382258682250987,-0.047354918,1.6936677
2007-06-30 21:45:00,1.7413333333333334,1.5145315,0.22680184014638272,-0.05213918,1.4623923
2007-06-30 22:00:00,1.1654666666666669,1.2142441,-0.0487774606068927,0.013992524,1.2282367
2007-06-30 22:15:00,1.256,0.87163234,0.3843676624298096,-0.017544528,0.8540878
2007-06-30 22:30:00,1.2788,0.77278125,0.506018747138977,0.055749796,0.828531
2007-06-30 22:45:00,1.2430666666666668,0.826989,0.41607767159144093,0.11482123,0.94181025
2007-06-30 23:00:00,1.2493333333333332,0.81215405,0.43717927869160955,0.12991543,0.9420695
2007-06-30 23:15:00,1.2258666666666664,0.7767941,0.4490725907007851,0.14891209,0.92570615
2007-06-30 23:30:00,1.5934666666666668,0.8668345,0.7266321453730267,0.14983201,1.0166665
2007-06-30 23:45:00,2.4393333333333334,1.5728168,0.8665164845784505,0.18915577,1.7619727
